CITY,STATION,1,2,3,4,5,6,7,8,9,10,11,12,13,14,15,16,17,18,19,20,21,22,23,24,25,26,27,28,29,30,31,32,33,34,35,36,37,38,39,40,41,42,43,44,45,46,47,48,49,50,51,52,53,54,55,56,57,58,59,60,61,62,63,64,65,66,67,68,69,70,71,72,73,74,75,76,77,78,79,80,81,82,83,84,85,86,87,88,89,90,91,92,93,94,95,96,97,98,99,100,101,102,103,104,105,106,107,108,109,110,111,112,113,114,115,116,117,118,119,120,121,122,123,124,125,126,127,128,129,130,131,132,133,134,135,136,137,138,139,140,141,142,143,144,145,146,147,148,149,150,151,152,153,154,155,156,157,158,159,160,161,162,163,164,165,166,167,168,169,170,171,172,173,174,175,176,177,178,179,180,181,182,183,184,185,186,187,188,189,190,191,192,193,194,195,196,197,198,199,200,201,202,203,204,205,206,207,208,209,210,211,212,213,214,215,216,217,218,219,220,221,222,223,224,225,226,227,228,229,230,231,232,233,234,235,236,237,238,239,240,241,242,243,244,245,246,247,248,249,250,251,252,253,254,255,256,257,258,259,260,261,262,263,264,265,266,267,268,269,270,271,272,273,274,275,276,277,278,279,280,281,282,283,284,285,286,287,288,289,290,291,292,293,294,295,296,297,298,299,300,301,302,303,304,305,306,307,308,309,310,311,312,313,314,315,316,317,318,319,320,321,322,323,324,325,326,327,328,329,330,331,332,333,334,335,336,337,338,339,340,341,342,343,344,345,346,347,348,349,350,351,352,353,354,355,356,357,358,359,360,361,362,363,364,365
"BERKELEY, CA US",USC00040693,50.4,50.5,50.5,50.5,50.6,50.6,50.6,50.7,50.7,50.8,50.8,50.9,50.9,51,51,51.1,51.1,51.2,51.2,51.3,51.3,51.4,51.4,51.5,51.6,51.6,51.7,51.7,51.8,51.9,51.9,52,52.1,52.1,52.2,52.3,52.4,52.4,52.5,52.6,52.7,52.7,52.8,52.9,53,53.1,53.2,53.2,53.3,53.4,53.5,53.6,53.7,53.7,53.8,53.9,54,54.1,54.2,54.2,54.3,54.4,54.5,54.6,54.6,54.7,54.8,54.8,54.9,55,55,55.1,55.2,55.2,55.3,55.4,55.4,55.5,55.5,55.6,55.6,55.7,55.7,55.8,55.8,55.9,55.9,56,56,56.1,56.1,56.2,56.3,56.3,56.4,56.4,56.5,56.5,56.6,56.6,56.7,56.7,56.8,56.9,56.9,57,57,57.1,57.2,57.2,57.3,57.4,57.5,57.5,57.6,57.7,57.8,57.9,57.9,58,58.1,58.2,58.3,58.4,58.5,58.6,58.7,58.8,58.9,59,59.1,59.2,59.3,59.4,59.5,59.6,59.8,59.9,60,60.1,60.2,60.4,60.5,60.6,60.7,60.9,61,61.1,61.2,61.3,61.5,61.6,61.7,61.8,61.9,62,62.2,62.3,62.4,62.5,62.6,62.7,62.8,62.8,62.9,63,63.1,63.2,63.2,63.3,63.4,63.4,63.5,63.5,63.5,63.6,63.6,63.6,63.7,63.7,63.7,63.7,63.7,63.7,63.7,63.7,63.7,63.7,63.7,63.7,63.7,63.7,63.7,63.7,63.7,63.7,63.7,63.7,63.7,63.7,63.6,63.6,63.6,63.6,63.7,63.7,63.7,63.7,63.7,63.7,63.7,63.8,63.8,63.8,63.9,63.9,63.9,64,64,64.1,64.1,64.1,64.2,64.2,64.3,64.4,64.4,64.5,64.5,64.6,64.6,64.7,64.7,64.8,64.8,64.8,64.9,64.9,65,65,65,65.1,65.1,65.1,65.1,65.1,65.2,65.2,65.2,65.2,65.2,65.2,65.2,65.2,65.1,65.1,65.1,65.1,65.1,65,65,65,64.9,64.9,64.8,64.8,64.7,64.7,64.6,64.6,64.5,64.4,64.4,64.3,64.2,64.1,64.1,64,63.9,63.8,63.7,63.6,63.5,63.4,63.2,63.1,63,62.9,62.7,62.6,62.4,62.3,62.1,61.9,61.8,61.6,61.4,61.2,61,60.8,60.6,60.4,60.2,59.9,59.7,59.5,59.2,59,58.7,58.5,58.2,58,57.7,57.4,57.2,56.9,56.7,56.4,56.1,55.9,55.6,55.3,55.1,54.8,54.6,54.3,54.1,53.9,53.6,53.4,53.2,53,52.8,52.6,52.4,52.2,52.1,51.9,51.7,51.6,51.5,51.3,51.2,51.1,51,50.9,50.8,50.7,50.7,50.6,50.6,50.5,50.5,50.4,50.4,50.4,50.4,50.4,50.4,50.4,50.4,50.4,50.4,50.4,50.4
"U C L A, CA US",USC00049152,59.5,59.5,59.6,59.6,59.7,59.8,59.8,59.8,59.9,59.9,60,60,60,60,60,60,60,60,60,60,59.9,59.9,59.9,59.8,59.8,59.7,59.7,59.6,59.6,59.5,59.4,59.4,59.3,59.3,59.2,59.2,59.1,59.1,59.1,59,59,59,58.9,58.9,58.9,58.9,58.9,58.9,58.9,58.9,58.9,58.9,59,59,59,59.1,59.1,59.2,59.2,59.3,59.3,59.4,59.4,59.5,59.5,59.6,59.6,59.7,59.8,59.8,59.9,59.9,60,60,60.1,60.1,60.2,60.2,60.3,60.3,60.4,60.4,60.5,60.5,60.5,60.6,60.6,60.7,60.7,60.8,60.8,60.9,60.9,60.9,61,61,61.1,61.1,61.2,61.2,61.3,61.4,61.4,61.5,61.5,61.6,61.7,61.7,61.8,61.9,61.9,62,62,62.1,62.2,62.2,62.3,62.4,62.4,62.5,62.5,62.6,62.7,62.7,62.8,62.8,62.9,62.9,62.9,63,63,63.1,63.1,63.2,63.2,63.2,63.3,63.3,63.4,63.4,63.4,63.5,63.5,63.6,63.6,63.7,63.8,63.8,63.9,64,64,64.1,64.2,64.3,64.4,64.5,64.6,64.7,64.9,65,65.1,65.2,65.4,65.5,65.7,65.8,66,66.1,66.3,66.5,66.6,66.8,66.9,67.1,67.3,67.4,67.6,67.7,67.9,68,68.2,68.3,68.5,68.6,68.7,68.9,69,69.1,69.2,69.3,69.4,69.5,69.6,69.6,69.7,69.8,69.8,69.9,69.9,70,70,70.1,70.1,70.1,70.2,70.2,70.2,70.3,70.3,70.3,70.3,70.4,70.4,70.4,70.4,70.5,70.5,70.5,70.6,70.6,70.7,70.7,70.7,70.8,70.8,70.9,70.9,71,71,71.1,71.1,71.1,71.2,71.2,71.3,71.3,71.3,71.4,71.4,71.4,71.4,71.4,71.4,71.4,71.4,71.4,71.4,71.4,71.4,71.3,71.3,71.2,71.2,71.1,71,71,70.9,70.8,70.7,70.6,70.5,70.4,70.3,70.2,70.1,70,69.9,69.8,69.7,69.6,69.5,69.3,69.2,69.1,69,68.9,68.8,68.8,68.7,68.6,68.5,68.4,68.3,68.3,68.2,68.1,68,68,67.9,67.8,67.8,67.7,67.6,67.6,67.5,67.4,67.3,67.2,67.1,67.1,67,66.8,66.7,66.6,66.5,66.4,66.2,66.1,65.9,65.8,65.6,65.4,65.2,65,64.8,64.6,64.4,64.2,64,63.8,63.5,63.3,63.1,62.8,62.6,62.4,62.1,61.9,61.7,61.5,61.2,61,60.8,60.6,60.4,60.3,60.1,59.9,59.8,59.6,59.5,59.4,59.3,59.2,59.1,59,59,58.9,58.9,58.9,58.8,58.8,58.8,58.9,58.9,58.9,58.9,59,59,59.1,59.1,59.2,59.3,59.3,59.4
"CHICAGO MIDWAY AP 3SW, IL US",USC00111577,27.7,27.5,27.3,27.2,27,26.8,26.7,26.5,26.4,26.3,26.2,26.1,26,25.9,25.8,25.7,25.7,25.6,25.6,25.5,25.5,25.5,25.6,25.6,25.6,25.7,25.8,25.8,25.9,26.1,26.2,26.3,26.5,26.7,26.9,27.1,27.3,27.5,27.7,28,28.3,28.5,28.8,29.1,29.4,29.7,30.1,30.4,30.7,31.1,31.4,31.8,32.1,32.5,32.8,33.2,33.6,33.9,34.3,34.7,35,35.4,35.8,36.1,36.5,36.9,37.2,37.6,37.9,38.3,38.6,39,39.3,39.7,40,40.3,40.7,41,41.3,41.7,42,42.4,42.7,43,43.4,43.7,44.1,44.4,44.7,45.1,45.4,45.8,46.2,46.5,46.9,47.2,47.6,48,48.3,48.7,49.1,49.5,49.9,50.2,50.6,51,51.4,51.8,52.2,52.6,52.9,53.3,53.7,54.1,54.5,54.9,55.2,55.6,56,56.4,56.7,57.1,57.5,57.8,58.2,58.5,58.9,59.2,59.6,59.9,60.3,60.6,61,61.3,61.6,62,62.3,62.7,63,63.3,63.7,64,64.3,64.7,65,65.3,65.7,66,66.4,66.7,67,67.4,67.7,68.1,68.4,68.7,69.1,69.4,69.8,70.1,70.4,70.7,71.1,71.4,71.7,72,72.3,72.6,72.9,73.2,73.5,73.8,74,74.3,74.5,74.7,74.9,75.2,75.4,75.5,75.7,75.9,76,76.2,76.3,76.4,76.5,76.6,76.7,76.7,76.8,76.9,76.9,76.9,76.9,76.9,76.9,76.9,76.9,76.9,76.9,76.9,76.8,76.8,76.7,76.7,76.6,76.6,76.5,76.5,76.4,76.4,76.3,76.2,76.2,76.1,76,76,75.9,75.8,75.8,75.7,75.6,75.6,75.5,75.4,75.3,75.2,75.1,75,74.9,74.8,74.7,74.5,74.4,74.2,74.1,73.9,73.7,73.6,73.4,73.2,72.9,72.7,72.5,72.2,71.9,71.7,71.4,71.1,70.8,70.5,70.1,69.8,69.4,69.1,68.7,68.3,67.9,67.5,67.1,66.7,66.3,65.9,65.5,65.1,64.6,64.2,63.8,63.3,62.9,62.5,62,61.6,61.2,60.7,60.3,59.8,59.4,59,58.6,58.1,57.7,57.3,56.9,56.5,56,55.6,55.2,54.8,54.4,54,53.6,53.2,52.7,52.3,51.9,51.5,51.1,50.7,50.3,49.9,49.4,49,48.6,48.2,47.8,47.3,46.9,46.5,46,45.6,45.2,44.7,44.3,43.9,43.4,43,42.6,42.1,41.7,41.3,40.8,40.4,40,39.6,39.2,38.7,38.3,37.9,37.5,37.2,36.8,36.4,36,35.7,35.3,34.9,34.6,34.3,33.9,33.6,33.3,33,32.7,32.4,32.1,31.8,31.5,31.3,31,30.7,30.5,30.2,30,29.8,29.5,29.3,29.1,28.9,28.7,28.5,28.2,28.1,27.9
"ANGELICA, NY US",USC00300183,25,24.8,24.6,24.4,24.2,24,23.9,23.7,23.5,23.4,23.2,23.1,22.9,22.8,22.7,22.6,22.5,22.4,22.3,22.3,22.2,22.1,22.1,22.1,22.1,22.1,22.1,22.1,22.1,22.1,22.2,22.3,22.3,22.4,22.5,22.6,22.7,22.9,23,23.2,23.3,23.5,23.7,23.9,24.1,24.3,24.5,24.7,24.9,25.1,25.4,25.6,25.9,26.1,26.4,26.6,26.9,27.1,27.4,27.7,28,28.2,28.5,28.8,29.1,29.4,29.7,30,30.3,30.6,30.9,31.2,31.5,31.8,32.1,32.5,32.8,33.1,33.5,33.8,34.1,34.5,34.9,35.2,35.6,35.9,36.3,36.7,37.1,37.5,37.9,38.3,38.7,39.1,39.5,39.9,40.3,40.8,41.2,41.6,42.1,42.5,42.9,43.4,43.8,44.2,44.7,45.1,45.5,46,46.4,46.8,47.2,47.7,48.1,48.5,48.9,49.3,49.7,50.1,50.4,50.8,51.2,51.5,51.9,52.2,52.6,52.9,53.2,53.6,53.9,54.2,54.5,54.8,55.1,55.4,55.7,56,56.3,56.5,56.8,57.1,57.4,57.6,57.9,58.2,58.5,58.7,59,59.3,59.5,59.8,60.1,60.3,60.6,60.9,61.1,61.4,61.7,61.9,62.2,62.5,62.7,63,63.2,63.5,63.7,64,64.2,64.4,64.7,64.9,65.1,65.3,65.5,65.7,65.9,66.1,66.2,66.4,66.5,66.7,66.8,66.9,67,67.1,67.2,67.3,67.4,67.5,67.5,67.6,67.6,67.6,67.6,67.7,67.7,67.7,67.7,67.6,67.6,67.6,67.6,67.6,67.5,67.5,67.4,67.4,67.3,67.3,67.2,67.2,67.1,67.1,67,67,66.9,66.8,66.8,66.7,66.6,66.6,66.5,66.4,66.3,66.2,66.1,66,66,65.8,65.7,65.6,65.5,65.4,65.2,65.1,64.9,64.8,64.6,64.4,64.2,64,63.8,63.6,63.4,63.2,62.9,62.6,62.4,62.1,61.8,61.5,61.2,60.9,60.6,60.2,59.9,59.6,59.2,58.8,58.5,58.1,57.7,57.4,57,56.6,56.2,55.8,55.4,55,54.7,54.3,53.9,53.5,53.1,52.7,52.4,52,51.6,51.2,50.9,50.5,50.2,49.8,49.4,49.1,48.8,48.4,48.1,47.7,47.4,47.1,46.8,46.4,46.1,45.8,45.5,45.2,44.9,44.5,44.2,43.9,43.6,43.3,43,42.7,42.3,42,41.7,41.4,41.1,40.7,40.4,40.1,39.8,39.4,39.1,38.8,38.4,38.1,37.8,37.4,37.1,36.8,36.4,36.1,35.8,35.4,35.1,34.8,34.4,34.1,33.8,33.5,33.2,32.8,32.5,32.2,31.9,31.6,31.3,31,30.7,30.4,30.1,29.8,29.6,29.3,29,28.8,28.5,28.2,28,27.7,27.5,27.2,27,26.7,26.5,26.3,26.1,25.8,25.6,25.4,25.2
"OKLAHOMA CITY POST AP, OK US",USW00003954,38.7,38.6,38.6,38.6,38.6,38.6,38.6,38.6,38.7,38.7,38.7,38.8,38.8,38.9,38.9,39,39,39.1,39.2,39.2,39.3,39.4,39.5,39.6,39.7,39.8,39.9,40,40.1,40.2,40.3,40.4,40.6,40.7,40.9,41,41.2,41.3,41.5,41.7,41.9,42.1,42.3,42.5,42.8,43,43.2,43.5,43.8,44,44.3,44.6,44.9,45.2,45.5,45.8,46.1,46.5,46.8,47.1,47.5,47.8,48.1,48.5,48.8,49.2,49.5,49.9,50.2,50.6,50.9,51.3,51.6,51.9,52.3,52.6,52.9,53.2,53.5,53.8,54.1,54.4,54.7,55,55.3,55.5,55.8,56.1,56.3,56.6,56.8,57,57.3,57.5,57.8,58,58.2,58.5,58.7,58.9,59.2,59.4,59.6,59.9,60.1,60.3,60.6,60.9,61.1,61.4,61.6,61.9,62.2,62.5,62.8,63.1,63.4,63.7,64,64.3,64.6,65,65.3,65.6,66,66.3,66.6,67,67.3,67.7,68,68.4,68.8,69.1,69.5,69.8,70.2,70.5,70.9,71.2,71.5,71.9,72.2,72.5,72.8,73.2,73.5,73.8,74.1,74.4,74.7,75,75.2,75.5,75.8,76.1,76.3,76.6,76.8,77.1,77.3,77.6,77.8,78.1,78.3,78.5,78.8,79,79.2,79.4,79.7,79.9,80.1,80.3,80.5,80.7,80.9,81.1,81.3,81.5,81.7,81.9,82.1,82.3,82.5,82.7,82.8,83,83.2,83.3,83.5,83.6,83.8,83.9,84,84.1,84.2,84.3,84.4,84.5,84.6,84.6,84.7,84.7,84.8,84.8,84.8,84.8,84.8,84.8,84.7,84.7,84.6,84.6,84.5,84.4,84.3,84.2,84.1,84,83.9,83.7,83.6,83.4,83.3,83.1,82.9,82.7,82.5,82.3,82.1,81.9,81.7,81.5,81.3,81,80.8,80.6,80.3,80,79.8,79.5,79.3,79,78.7,78.4,78.1,77.8,77.5,77.2,76.9,76.6,76.3,76,75.6,75.3,74.9,74.6,74.3,73.9,73.5,73.2,72.8,72.4,72.1,71.7,71.3,70.9,70.5,70.1,69.7,69.3,68.9,68.5,68.1,67.7,67.3,66.9,66.4,66,65.6,65.2,64.8,64.4,64,63.5,63.1,62.7,62.3,61.9,61.5,61.1,60.7,60.3,59.9,59.5,59.1,58.7,58.3,57.9,57.5,57.1,56.7,56.3,55.9,55.6,55.2,54.8,54.4,54,53.6,53.2,52.8,52.5,52.1,51.7,51.3,50.9,50.5,50.1,49.7,49.4,49,48.6,48.2,47.8,47.4,47.1,46.7,46.3,46,45.6,45.3,44.9,44.6,44.2,43.9,43.6,43.3,42.9,42.6,42.4,42.1,41.8,41.5,41.3,41.1,40.8,40.6,40.4,40.2,40,39.9,39.7,39.6,39.4,39.3,39.2,39.1,39,38.9,38.8,38.8,38.7,38.7
"HOUSTON INTERCONT AP, TX US",USW00012960,53.5,53.5,53.4,53.4,53.3,53.3,53.3,53.3,53.3,53.3,53.3,53.3,53.3,53.4,53.4,53.5,53.5,53.6,53.7,53.7,53.8,53.9,54,54.1,54.2,54.3,54.5,54.6,54.7,54.9,55,55.2,55.3,55.5,55.7,55.8,56,56.2,56.4,56.6,56.7,56.9,57.1,57.3,57.5,57.7,57.9,58.1,58.3,58.6,58.8,59,59.2,59.4,59.6,59.8,60,60.3,60.5,60.7,60.9,61.1,61.3,61.5,61.8,62,62.2,62.4,62.6,62.8,63,63.2,63.4,63.6,63.8,64,64.2,64.4,64.6,64.8,65,65.2,65.4,65.6,65.8,66,66.2,66.4,66.6,66.8,67,67.2,67.4,67.6,67.8,67.9,68.1,68.3,68.5,68.7,68.9,69.1,69.3,69.5,69.8,70,70.2,70.4,70.6,70.8,71.1,71.3,71.5,71.8,72,72.2,72.5,72.7,73,73.2,73.5,73.7,74,74.2,74.5,74.8,75,75.3,75.6,75.8,76.1,76.4,76.6,76.9,77.2,77.4,77.7,78,78.2,78.5,78.7,79,79.2,79.4,79.7,79.9,80.1,80.3,80.5,80.7,80.9,81.1,81.3,81.5,81.7,81.8,82,82.1,82.3,82.4,82.6,82.7,82.8,82.9,83,83.1,83.2,83.3,83.4,83.5,83.6,83.7,83.7,83.8,83.9,83.9,84,84.1,84.1,84.2,84.2,84.3,84.4,84.4,84.5,84.5,84.6,84.6,84.7,84.7,84.8,84.9,84.9,85,85,85.1,85.1,85.2,85.2,85.3,85.3,85.4,85.4,85.5,85.5,85.6,85.6,85.7,85.7,85.7,85.7,85.8,85.8,85.8,85.8,85.8,85.8,85.8,85.8,85.8,85.7,85.7,85.7,85.6,85.6,85.5,85.5,85.4,85.3,85.2,85.2,85.1,85,84.9,84.7,84.6,84.5,84.4,84.2,84.1,84,83.8,83.6,83.5,83.3,83.1,83,82.8,82.6,82.4,82.2,82,81.8,81.6,81.4,81.2,81,80.8,80.5,80.3,80.1,79.8,79.6,79.4,79.1,78.9,78.6,78.3,78.1,77.8,77.5,77.2,77,76.7,76.4,76.1,75.8,75.5,75.2,74.9,74.6,74.2,73.9,73.6,73.3,72.9,72.6,72.3,71.9,71.6,71.2,70.9,70.6,70.2,69.9,69.5,69.2,68.8,68.5,68.1,67.8,67.4,67.1,66.8,66.4,66.1,65.8,65.4,65.1,64.8,64.5,64.1,63.8,63.5,63.2,62.9,62.6,62.3,62,61.7,61.5,61.2,60.9,60.7,60.4,60.1,59.9,59.6,59.4,59.2,58.9,58.7,58.5,58.2,58,57.8,57.6,57.4,57.2,57,56.8,56.6,56.4,56.3,56.1,55.9,55.7,55.6,55.4,55.3,55.1,55,54.8,54.7,54.6,54.4,54.3,54.2,54.1,54,53.9,53.8,53.7,53.6,53.6
"WASHINGTON REAGAN AP, VA US",USW00013743,38.5,38.4,38.3,38.1,38,37.9,37.8,37.7,37.6,37.5,37.4,37.3,37.2,37.2,37.1,37.1,37.1,37,37,37,37,37,37.1,37.1,37.2,37.2,37.3,37.4,37.4,37.5,37.6,37.7,37.9,38,38.1,38.2,38.4,38.6,38.7,38.9,39.1,39.2,39.4,39.6,39.8,40,40.2,40.4,40.6,40.8,41.1,41.3,41.5,41.7,42,42.2,42.4,42.7,42.9,43.2,43.4,43.7,43.9,44.2,44.5,44.7,45,45.3,45.6,45.9,46.2,46.4,46.7,47.1,47.4,47.7,48,48.3,48.7,49,49.3,49.7,50,50.4,50.7,51.1,51.5,51.8,52.2,52.6,52.9,53.3,53.7,54.1,54.5,54.8,55.2,55.6,56,56.3,56.7,57.1,57.4,57.8,58.2,58.5,58.9,59.2,59.6,59.9,60.2,60.6,60.9,61.2,61.5,61.8,62.1,62.4,62.7,63,63.2,63.5,63.8,64.1,64.3,64.6,64.8,65.1,65.4,65.6,65.9,66.1,66.4,66.6,66.9,67.2,67.4,67.7,68,68.2,68.5,68.8,69.1,69.4,69.7,70,70.3,70.6,70.9,71.2,71.5,71.8,72.2,72.5,72.8,73.1,73.5,73.8,74.1,74.5,74.8,75.1,75.4,75.7,76.1,76.4,76.7,77,77.3,77.5,77.8,78.1,78.3,78.6,78.8,79,79.3,79.5,79.7,79.8,80,80.2,80.3,80.5,80.6,80.7,80.8,80.9,81,81,81.1,81.1,81.2,81.2,81.3,81.3,81.3,81.3,81.3,81.3,81.3,81.2,81.2,81.2,81.1,81.1,81.1,81,81,80.9,80.9,80.8,80.8,80.7,80.7,80.6,80.5,80.5,80.4,80.3,80.3,80.2,80.1,80,79.9,79.8,79.7,79.6,79.5,79.4,79.3,79.2,79,78.9,78.7,78.6,78.4,78.2,78,77.8,77.6,77.4,77.2,77,76.7,76.5,76.2,76,75.7,75.4,75.1,74.8,74.5,74.2,73.8,73.5,73.1,72.8,72.4,72.1,71.7,71.3,71,70.6,70.2,69.8,69.4,69,68.6,68.2,67.8,67.4,67,66.6,66.2,65.8,65.4,65,64.6,64.3,63.9,63.5,63.1,62.7,62.3,61.9,61.5,61.1,60.7,60.4,60,59.6,59.2,58.8,58.5,58.1,57.7,57.4,57,56.6,56.2,55.9,55.5,55.2,54.8,54.4,54.1,53.7,53.4,53,52.7,52.3,52,51.6,51.3,50.9,50.6,50.3,49.9,49.6,49.3,49,48.7,48.3,48,47.7,47.4,47.1,46.8,46.5,46.3,46,45.7,45.4,45.1,44.9,44.6,44.3,44.1,43.8,43.6,43.3,43.1,42.9,42.6,42.4,42.2,41.9,41.7,41.5,41.3,41.1,40.9,40.7,40.5,40.3,40.1,39.9,39.7,39.5,39.4,39.2,39,38.9,38.7
"ATLANTA HARTSFIELD INTL AP, GA US",USW00013874,45.1,45,44.9,44.8,44.7,44.7,44.6,44.6,44.5,44.5,44.5,44.5,44.5,44.5,44.5,44.5,44.5,44.5,44.6,44.6,44.7,44.7,44.8,44.9,45,45.1,45.2,45.3,45.4,45.6,45.7,45.8,46,46.2,46.3,46.5,46.7,46.9,47.1,47.3,47.5,47.7,47.9,48.1,48.3,48.5,48.8,49,49.2,49.5,49.7,50,50.2,50.4,50.7,50.9,51.2,51.4,51.7,51.9,52.2,52.4,52.7,52.9,53.2,53.4,53.7,53.9,54.2,54.4,54.6,54.9,55.1,55.4,55.6,55.9,56.1,56.3,56.6,56.8,57.1,57.3,57.5,57.8,58,58.3,58.5,58.7,59,59.2,59.5,59.7,59.9,60.2,60.4,60.7,60.9,61.2,61.4,61.7,61.9,62.2,62.5,62.7,63,63.2,63.5,63.8,64,64.3,64.6,64.8,65.1,65.4,65.6,65.9,66.2,66.4,66.7,67,67.3,67.5,67.8,68.1,68.3,68.6,68.9,69.2,69.4,69.7,70,70.2,70.5,70.7,71,71.3,71.5,71.8,72,72.3,72.5,72.8,73,73.3,73.5,73.8,74,74.2,74.5,74.7,74.9,75.1,75.4,75.6,75.8,76,76.2,76.4,76.6,76.8,77,77.2,77.4,77.6,77.7,77.9,78.1,78.3,78.4,78.6,78.7,78.9,79,79.2,79.3,79.4,79.6,79.7,79.8,79.9,80,80.1,80.2,80.3,80.4,80.5,80.6,80.6,80.7,80.8,80.8,80.9,81,81,81,81.1,81.1,81.1,81.2,81.2,81.2,81.2,81.2,81.2,81.3,81.3,81.2,81.2,81.2,81.2,81.2,81.2,81.2,81.1,81.1,81.1,81,81,80.9,80.9,80.8,80.8,80.7,80.6,80.6,80.5,80.4,80.3,80.2,80.2,80.1,80,79.8,79.7,79.6,79.5,79.4,79.2,79.1,79,78.8,78.7,78.5,78.3,78.1,78,77.8,77.6,77.4,77.2,77,76.7,76.5,76.3,76,75.8,75.5,75.3,75,74.7,74.5,74.2,73.9,73.6,73.3,73,72.6,72.3,72,71.7,71.3,71,70.6,70.3,69.9,69.6,69.2,68.8,68.5,68.1,67.7,67.3,67,66.6,66.2,65.8,65.4,65,64.7,64.3,63.9,63.5,63.1,62.7,62.3,62,61.6,61.2,60.8,60.5,60.1,59.7,59.4,59,58.7,58.3,58,57.6,57.3,56.9,56.6,56.3,56,55.6,55.3,55,54.7,54.4,54.1,53.8,53.5,53.3,53,52.7,52.5,52.2,51.9,51.7,51.4,51.2,50.9,50.7,50.5,50.3,50,49.8,49.6,49.4,49.2,49,48.8,48.6,48.4,48.2,48,47.8,47.7,47.5,47.3,47.1,47,46.8,46.7,46.5,46.4,46.2,46.1,46,45.8,45.7,45.6,45.5,45.4,45.2,45.2
"KANSAS CITY DOWNTOWN AP, MO US",USW00013988,31.8,31.6,31.5,31.4,31.3,31.2,31.1,31,30.9,30.8,30.8,30.7,30.7,30.6,30.6,30.6,30.6,30.6,30.7,30.7,30.7,30.8,30.9,31,31.1,31.2,31.3,31.4,31.6,31.7,31.9,32.1,32.3,32.5,32.7,32.9,33.1,33.4,33.6,33.9,34.2,34.4,34.7,35,35.3,35.7,36,36.3,36.6,37,37.3,37.7,38.1,38.4,38.8,39.2,39.5,39.9,40.3,40.7,41.1,41.5,41.9,42.3,42.6,43,43.4,43.8,44.2,44.6,45,45.4,45.7,46.1,46.5,46.9,47.2,47.6,48,48.3,48.7,49.1,49.4,49.8,50.1,50.4,50.8,51.1,51.4,51.8,52.1,52.4,52.7,53,53.4,53.7,54,54.3,54.6,54.9,55.2,55.5,55.8,56.1,56.4,56.7,57,57.3,57.6,57.9,58.2,58.5,58.8,59.1,59.4,59.8,60.1,60.4,60.7,61.1,61.4,61.7,62.1,62.4,62.7,63.1,63.4,63.8,64.1,64.5,64.9,65.2,65.6,65.9,66.3,66.7,67,67.4,67.8,68.1,68.5,68.9,69.2,69.6,70,70.3,70.7,71.1,71.4,71.8,72.1,72.4,72.8,73.1,73.4,73.8,74.1,74.4,74.7,75,75.3,75.6,75.8,76.1,76.4,76.6,76.9,77.1,77.4,77.6,77.8,78,78.2,78.4,78.6,78.8,79,79.2,79.3,79.5,79.7,79.8,79.9,80.1,80.2,80.3,80.5,80.6,80.7,80.8,80.9,80.9,81,81.1,81.2,81.2,81.3,81.3,81.4,81.4,81.5,81.5,81.5,81.5,81.5,81.5,81.5,81.5,81.5,81.5,81.4,81.4,81.3,81.3,81.2,81.1,81.1,81,80.9,80.8,80.6,80.5,80.4,80.2,80.1,79.9,79.8,79.6,79.4,79.2,79,78.8,78.6,78.3,78.1,77.9,77.6,77.4,77.1,76.8,76.6,76.3,76,75.7,75.4,75.1,74.8,74.4,74.1,73.8,73.5,73.1,72.8,72.4,72.1,71.7,71.4,71,70.6,70.3,69.9,69.5,69.2,68.8,68.4,68,67.6,67.2,66.8,66.4,66,65.6,65.2,64.8,64.4,64,63.6,63.2,62.8,62.4,61.9,61.5,61.1,60.7,60.2,59.8,59.4,58.9,58.5,58.1,57.6,57.2,56.8,56.3,55.9,55.4,55,54.5,54.1,53.6,53.2,52.8,52.3,51.9,51.4,51,50.6,50.1,49.7,49.2,48.8,48.4,48,47.5,47.1,46.7,46.3,45.9,45.5,45.1,44.7,44.3,43.9,43.5,43.1,42.7,42.3,42,41.6,41.2,40.9,40.5,40.2,39.9,39.5,39.2,38.9,38.5,38.2,37.9,37.6,37.3,37,36.7,36.4,36.1,35.9,35.6,35.3,35.1,34.8,34.6,34.3,34.1,33.9,33.6,33.4,33.2,33,32.8,32.6,32.4,32.3,32.1,31.9
"BLUE HILL, MA US",USW00014753,28.6,28.4,28.2,28,27.9,27.7,27.5,27.4,27.2,27.1,27,26.9,26.8,26.7,26.6,26.5,26.5,26.4,26.4,26.4,26.3,26.3,26.3,26.4,26.4,26.4,26.5,26.5,26.6,26.7,26.8,26.9,27,27.1,27.2,27.4,27.5,27.7,27.8,28,28.2,28.3,28.5,28.7,28.9,29.1,29.3,29.5,29.7,29.9,30.1,30.4,30.6,30.8,31,31.2,31.5,31.7,31.9,32.2,32.4,32.6,32.9,33.1,33.4,33.6,33.8,34.1,34.3,34.6,34.9,35.1,35.4,35.7,35.9,36.2,36.5,36.8,37.1,37.4,37.7,38.1,38.4,38.7,39.1,39.4,39.7,40.1,40.5,40.8,41.2,41.6,42,42.4,42.8,43.2,43.6,44,44.4,44.8,45.2,45.6,46,46.4,46.8,47.3,47.7,48.1,48.5,48.9,49.3,49.7,50.1,50.4,50.8,51.2,51.5,51.9,52.3,52.6,52.9,53.3,53.6,53.9,54.2,54.5,54.8,55.1,55.4,55.7,56,56.3,56.6,56.8,57.1,57.4,57.6,57.9,58.2,58.4,58.7,59,59.2,59.5,59.8,60,60.3,60.6,60.9,61.1,61.4,61.7,62,62.3,62.6,62.9,63.2,63.5,63.8,64.1,64.4,64.8,65.1,65.4,65.7,66,66.3,66.6,66.9,67.2,67.5,67.8,68.1,68.4,68.7,69,69.2,69.5,69.8,70,70.2,70.5,70.7,70.9,71.1,71.2,71.4,71.6,71.7,71.9,72,72.1,72.2,72.3,72.4,72.5,72.6,72.6,72.7,72.7,72.8,72.8,72.8,72.8,72.8,72.8,72.8,72.8,72.7,72.7,72.7,72.6,72.6,72.5,72.5,72.4,72.3,72.3,72.2,72.1,72,71.9,71.8,71.7,71.6,71.5,71.4,71.3,71.1,71,70.8,70.7,70.5,70.4,70.2,70,69.8,69.6,69.4,69.2,69,68.7,68.5,68.3,68,67.7,67.5,67.2,66.9,66.6,66.3,66,65.6,65.3,65,64.6,64.3,63.9,63.6,63.2,62.8,62.4,62.1,61.7,61.3,60.9,60.5,60.1,59.8,59.4,59,58.6,58.2,57.8,57.4,57,56.7,56.3,55.9,55.5,55.1,54.8,54.4,54,53.7,53.3,53,52.6,52.3,51.9,51.6,51.2,50.9,50.5,50.2,49.9,49.5,49.2,48.9,48.5,48.2,47.9,47.5,47.2,46.9,46.6,46.2,45.9,45.6,45.2,44.9,44.6,44.3,43.9,43.6,43.3,42.9,42.6,42.3,41.9,41.6,41.3,40.9,40.6,40.3,39.9,39.6,39.3,39,38.6,38.3,38,37.7,37.3,37,36.7,36.4,36.1,35.8,35.5,35.1,34.8,34.5,34.2,33.9,33.7,33.4,33.1,32.8,32.5,32.2,32,31.7,31.4,31.2,30.9,30.6,30.4,30.2,29.9,29.7,29.5,29.2,29,28.8
"LAS VEGAS MCCARRAN AP, NV US",USW00023169,47.9,48,48.1,48.2,48.3,48.4,48.5,48.7,48.8,48.9,49,49.1,49.2,49.3,49.4,49.5,49.6,49.7,49.8,49.9,50,50.1,50.2,50.3,50.4,50.5,50.6,50.7,50.8,50.9,51,51.2,51.3,51.4,51.5,51.7,51.8,52,52.1,52.3,52.4,52.6,52.8,53,53.2,53.4,53.6,53.8,54,54.3,54.5,54.7,55,55.3,55.5,55.8,56.1,56.3,56.6,56.9,57.2,57.4,57.7,58,58.3,58.6,58.8,59.1,59.4,59.7,59.9,60.2,60.4,60.7,61,61.2,61.4,61.7,61.9,62.1,62.4,62.6,62.8,63,63.2,63.4,63.6,63.8,64,64.2,64.4,64.6,64.8,65,65.2,65.4,65.6,65.8,66,66.3,66.5,66.7,66.9,67.1,67.4,67.6,67.9,68.1,68.4,68.6,68.9,69.2,69.5,69.8,70.1,70.4,70.7,71,71.3,71.6,72,72.3,72.6,73,73.3,73.7,74,74.4,74.8,75.1,75.5,75.8,76.2,76.6,76.9,77.3,77.7,78,78.4,78.8,79.1,79.5,79.8,80.2,80.6,80.9,81.3,81.6,82,82.3,82.7,83,83.4,83.7,84.1,84.4,84.7,85.1,85.4,85.7,86,86.4,86.7,87,87.3,87.6,87.9,88.2,88.5,88.8,89.1,89.4,89.6,89.9,90.2,90.4,90.6,90.9,91.1,91.3,91.5,91.7,91.9,92.1,92.3,92.5,92.6,92.8,92.9,93,93.1,93.2,93.3,93.4,93.5,93.6,93.6,93.7,93.7,93.7,93.7,93.8,93.8,93.8,93.7,93.7,93.7,93.7,93.6,93.6,93.5,93.5,93.4,93.4,93.3,93.2,93.1,93,93,92.9,92.8,92.7,92.5,92.4,92.3,92.2,92.1,91.9,91.8,91.7,91.5,91.3,91.2,91,90.8,90.6,90.5,90.2,90,89.8,89.6,89.3,89.1,88.8,88.6,88.3,88,87.7,87.4,87.1,86.7,86.4,86,85.7,85.3,84.9,84.5,84.1,83.7,83.3,82.9,82.5,82,81.6,81.1,80.7,80.3,79.8,79.3,78.9,78.4,78,77.5,77,76.6,76.1,75.7,75.2,74.7,74.3,73.8,73.4,72.9,72.5,72.1,71.6,71.2,70.8,70.3,69.9,69.5,69,68.6,68.2,67.8,67.4,66.9,66.5,66.1,65.7,65.3,64.8,64.4,64,63.6,63.1,62.7,62.3,61.8,61.4,60.9,60.5,60,59.6,59.2,58.7,58.3,57.8,57.3,56.9,56.5,56,55.6,55.1,54.7,54.3,53.9,53.4,53,52.6,52.3,51.9,51.5,51.2,50.8,50.5,50.2,49.9,49.6,49.3,49.1,48.9,48.7,48.5,48.3,48.1,48,47.8,47.7,47.6,47.5,47.5,47.4,47.4,47.4,47.4,47.4,47.4,47.4,47.5,47.5,47.6,47.7,47.8,47.8
"SEATTLE BOEING FLD, WA US",USW00024234,41.9,41.9,42,42.1,42.1,42.2,42.3,42.3,42.4,42.5,42.5,42.6,42.7,42.7,42.8,42.8,42.9,42.9,42.9,43,43,43,43.1,43.1,43.1,43.1,43.1,43.2,43.2,43.2,43.2,43.2,43.2,43.2,43.2,43.3,43.3,43.3,43.3,43.4,43.4,43.4,43.5,43.5,43.6,43.6,43.7,43.7,43.8,43.9,44,44.1,44.2,44.3,44.4,44.5,44.6,44.7,44.8,45,45.1,45.2,45.4,45.5,45.7,45.8,46,46.1,46.2,46.4,46.5,46.7,46.8,47,47.1,47.3,47.4,47.6,47.7,47.8,48,48.1,48.2,48.4,48.5,48.6,48.8,48.9,49,49.2,49.3,49.4,49.6,49.7,49.9,50,50.2,50.3,50.5,50.6,50.8,50.9,51.1,51.3,51.5,51.6,51.8,52,52.2,52.4,52.6,52.8,53,53.2,53.5,53.7,53.9,54.1,54.4,54.6,54.8,55.1,55.3,55.5,55.7,56,56.2,56.4,56.6,56.9,57.1,57.3,57.5,57.7,57.9,58.1,58.3,58.4,58.6,58.8,59,59.1,59.3,59.4,59.6,59.7,59.9,60,60.1,60.3,60.4,60.5,60.7,60.8,60.9,61.1,61.2,61.3,61.4,61.6,61.7,61.8,62,62.1,62.3,62.4,62.6,62.7,62.9,63,63.2,63.4,63.5,63.7,63.9,64.1,64.3,64.4,64.6,64.8,65,65.2,65.4,65.6,65.8,65.9,66.1,66.3,66.5,66.6,66.8,67,67.1,67.3,67.4,67.6,67.7,67.8,67.9,68,68.1,68.2,68.3,68.4,68.4,68.5,68.5,68.6,68.6,68.6,68.6,68.6,68.6,68.6,68.6,68.6,68.6,68.5,68.5,68.4,68.4,68.3,68.3,68.2,68.2,68.1,68,67.9,67.8,67.7,67.7,67.6,67.5,67.4,67.2,67.1,67,66.9,66.8,66.6,66.5,66.4,66.2,66.1,65.9,65.7,65.6,65.4,65.2,65,64.8,64.6,64.4,64.2,63.9,63.7,63.4,63.2,62.9,62.7,62.4,62.1,61.8,61.5,61.2,60.9,60.6,60.3,60,59.6,59.3,59,58.7,58.3,58,57.7,57.3,57,56.7,56.3,56,55.7,55.4,55,54.7,54.4,54.1,53.8,53.5,53.2,52.9,52.7,52.4,52.1,51.9,51.6,51.3,51.1,50.8,50.6,50.4,50.1,49.9,49.7,49.5,49.3,49,48.8,48.6,48.4,48.2,48,47.8,47.6,47.4,47.1,46.9,46.7,46.5,46.3,46.1,45.9,45.7,45.5,45.3,45.1,44.9,44.7,44.5,44.3,44.1,43.9,43.7,43.6,43.4,43.2,43.1,42.9,42.8,42.6,42.5,42.4,42.2,42.1,42,41.9,41.8,41.8,41.7,41.6,41.6,41.6,41.5,41.5,41.5,41.5,41.5,41.5,41.6,41.6,41.6,41.7,41.7,41.8,41.8
"MIAMI BEACH, FL US",USW00092811,68.3,68.2,68,67.9,67.8,67.7,67.6,67.5,67.4,67.3,67.3,67.2,67.2,67.1,67.1,67,67,67,67,67,67.1,67.1,67.1,67.2,67.2,67.3,67.4,67.4,67.5,67.6,67.7,67.8,67.9,68,68.1,68.2,68.3,68.4,68.5,68.6,68.7,68.8,68.9,69,69.1,69.2,69.3,69.4,69.4,69.5,69.6,69.6,69.7,69.8,69.8,69.9,69.9,70,70,70,70.1,70.1,70.1,70.2,70.2,70.2,70.3,70.3,70.4,70.4,70.4,70.5,70.5,70.6,70.7,70.7,70.8,70.9,71,71.1,71.1,71.3,71.4,71.5,71.6,71.7,71.8,72,72.1,72.3,72.4,72.6,72.7,72.9,73,73.2,73.4,73.5,73.7,73.9,74,74.2,74.4,74.5,74.7,74.9,75,75.2,75.3,75.5,75.6,75.8,75.9,76,76.1,76.3,76.4,76.5,76.6,76.7,76.8,76.9,77,77.1,77.2,77.3,77.4,77.5,77.5,77.6,77.7,77.8,77.9,77.9,78,78.1,78.2,78.3,78.4,78.5,78.6,78.6,78.7,78.8,78.9,79,79.1,79.3,79.4,79.5,79.6,79.7,79.8,79.9,80,80.2,80.3,80.4,80.5,80.6,80.7,80.9,81,81.1,81.2,81.3,81.4,81.5,81.6,81.7,81.8,81.9,81.9,82,82.1,82.2,82.2,82.3,82.4,82.4,82.5,82.5,82.6,82.6,82.6,82.7,82.7,82.7,82.8,82.8,82.8,82.8,82.9,82.9,82.9,82.9,82.9,83,83,83,83,83,83,83,83.1,83.1,83.1,83.1,83.1,83.1,83.1,83.1,83.2,83.2,83.2,83.2,83.2,83.2,83.2,83.2,83.2,83.2,83.2,83.2,83.2,83.2,83.2,83.2,83.2,83.1,83.1,83.1,83.1,83.1,83,83,83,83,82.9,82.9,82.9,82.8,82.8,82.8,82.7,82.7,82.6,82.6,82.6,82.5,82.5,82.4,82.4,82.3,82.3,82.3,82.2,82.2,82.1,82.1,82,82,81.9,81.9,81.8,81.8,81.7,81.6,81.6,81.5,81.4,81.3,81.3,81.2,81.1,81,80.9,80.8,80.7,80.6,80.4,80.3,80.2,80,79.9,79.7,79.6,79.4,79.2,79.1,78.9,78.7,78.5,78.3,78.1,77.9,77.7,77.5,77.3,77.1,76.9,76.7,76.5,76.3,76.1,75.9,75.7,75.5,75.3,75.1,74.9,74.8,74.6,74.4,74.2,74.1,73.9,73.8,73.6,73.5,73.4,73.2,73.1,73,72.9,72.8,72.7,72.6,72.5,72.4,72.3,72.2,72.1,72,71.9,71.9,71.8,71.7,71.6,71.5,71.4,71.3,71.2,71.1,71,70.9,70.8,70.7,70.6,70.5,70.3,70.2,70.1,70,69.8,69.7,69.5,69.4,69.3,69.1,69,68.8,68.7,68.6,68.4
"DENVER CENTENNIAL AP, CO US",USW00093067,31.1,31.2,31.3,31.4,31.4,31.5,31.6,31.7,31.7,31.8,31.9,31.9,31.9,32,32,32,32,32.1,32.1,32.1,32,32,32,32,32,31.9,31.9,31.9,31.8,31.8,31.8,31.8,31.8,31.8,31.8,31.8,31.8,31.8,31.9,31.9,32,32.1,32.2,32.3,32.5,32.6,32.8,32.9,33.1,33.3,33.6,33.8,34.1,34.3,34.6,34.9,35.2,35.5,35.8,36.1,36.5,36.8,37.2,37.5,37.8,38.2,38.5,38.9,39.2,39.5,39.9,40.2,40.5,40.8,41.1,41.4,41.7,42,42.2,42.5,42.7,42.9,43.2,43.4,43.6,43.7,43.9,44.1,44.2,44.4,44.5,44.7,44.8,44.9,45.1,45.2,45.3,45.5,45.6,45.7,45.8,46,46.1,46.3,46.4,46.6,46.7,46.9,47.1,47.3,47.5,47.7,47.9,48.2,48.4,48.7,49,49.2,49.5,49.8,50.1,50.5,50.8,51.1,51.5,51.8,52.2,52.6,52.9,53.3,53.7,54.1,54.5,54.9,55.3,55.7,56,56.4,56.8,57.2,57.6,58,58.4,58.8,59.2,59.6,60,60.3,60.7,61.1,61.5,61.8,62.2,62.6,62.9,63.3,63.6,64,64.3,64.7,65,65.4,65.7,66,66.4,66.7,67,67.3,67.6,68,68.3,68.6,68.9,69.2,69.4,69.7,70,70.3,70.5,70.8,71,71.2,71.5,71.7,71.9,72.1,72.3,72.4,72.6,72.7,72.9,73,73.1,73.2,73.3,73.4,73.4,73.5,73.5,73.5,73.5,73.5,73.5,73.5,73.5,73.4,73.4,73.3,73.2,73.2,73.1,73,72.9,72.8,72.7,72.6,72.4,72.3,72.2,72,71.9,71.8,71.6,71.5,71.3,71.2,71,70.9,70.7,70.6,70.4,70.2,70.1,69.9,69.7,69.5,69.3,69.1,68.9,68.7,68.5,68.3,68.1,67.8,67.6,67.3,67.1,66.8,66.5,66.2,65.9,65.6,65.2,64.9,64.5,64.2,63.8,63.4,63,62.6,62.2,61.7,61.3,60.9,60.4,60,59.5,59.1,58.6,58.1,57.7,57.2,56.7,56.2,55.8,55.3,54.8,54.4,53.9,53.5,53,52.6,52.2,51.7,51.3,50.9,50.5,50.1,49.7,49.4,49,48.6,48.3,47.9,47.6,47.2,46.9,46.6,46.2,45.9,45.6,45.3,44.9,44.6,44.3,44,43.7,43.3,43,42.7,42.3,42,41.7,41.3,41,40.6,40.3,39.9,39.5,39.2,38.8,38.4,38.1,37.7,37.3,37,36.6,36.2,35.9,35.5,35.2,34.8,34.5,34.2,33.9,33.5,33.3,33,32.7,32.5,32.2,32,31.8,31.6,31.4,31.3,31.1,31,30.9,30.8,30.7,30.7,30.6,30.6,30.6,30.6,30.6,30.6,30.6,30.7,30.7,30.8,30.9,30.9,31
