CITY,STATION,1.00 ,2.00 ,3.00 ,4.00 ,5.00 ,6.00 ,7.00 ,8.00 ,9.00 ,10.00 ,11.00 ,12.00 ,13.00 ,14.00 ,15.00 ,16.00 ,17.00 ,18.00 ,19.00 ,20.00 ,21.00 ,22.00 ,23.00 ,24.00 ,25.00 ,26.00 ,27.00 ,28.00 ,29.00 ,30.00 ,31.00 ,32.00 ,33.00 ,34.00 ,35.00 ,36.00 ,37.00 ,38.00 ,39.00 ,40.00 ,41.00 ,42.00 ,43.00 ,44.00 ,45.00 ,46.00 ,47.00 ,48.00 ,49.00 ,50.00 ,51.00 ,52.00 ,53.00 ,54.00 ,55.00 ,56.00 ,57.00 ,58.00 ,59.00 ,60.00 ,61.00 ,62.00 ,63.00 ,64.00 ,65.00 ,66.00 ,67.00 ,68.00 ,69.00 ,70.00 ,71.00 ,72.00 ,73.00 ,74.00 ,75.00 ,76.00 ,77.00 ,78.00 ,79.00 ,80.00 ,81.00 ,82.00 ,83.00 ,84.00 ,85.00 ,86.00 ,87.00 ,88.00 ,89.00 ,90.00 ,91.00 ,92.00 ,93.00 ,94.00 ,95.00 ,96.00 ,97.00 ,98.00 ,99.00 ,100.00 ,101.00 ,102.00 ,103.00 ,104.00 ,105.00 ,106.00 ,107.00 ,108.00 ,109.00 ,110.00 ,111.00 ,112.00 ,113.00 ,114.00 ,115.00 ,116.00 ,117.00 ,118.00 ,119.00 ,120.00 ,121.00 ,122.00 ,123.00 ,124.00 ,125.00 ,126.00 ,127.00 ,128.00 ,129.00 ,130.00 ,131.00 ,132.00 ,133.00 ,134.00 ,135.00 ,136.00 ,137.00 ,138.00 ,139.00 ,140.00 ,141.00 ,142.00 ,143.00 ,144.00 ,145.00 ,146.00 ,147.00 ,148.00 ,149.00 ,150.00 ,151.00 ,152.00 ,153.00 ,154.00 ,155.00 ,156.00 ,157.00 ,158.00 ,159.00 ,160.00 ,161.00 ,162.00 ,163.00 ,164.00 ,165.00 ,166.00 ,167.00 ,168.00 ,169.00 ,170.00 ,171.00 ,172.00 ,173.00 ,174.00 ,175.00 ,176.00 ,177.00 ,178.00 ,179.00 ,180.00 ,181.00 ,182.00 ,183.00 ,184.00 ,185.00 ,186.00 ,187.00 ,188.00 ,189.00 ,190.00 ,191.00 ,192.00 ,193.00 ,194.00 ,195.00 ,196.00 ,197.00 ,198.00 ,199.00 ,200.00 ,201.00 ,202.00 ,203.00 ,204.00 ,205.00 ,206.00 ,207.00 ,208.00 ,209.00 ,210.00 ,211.00 ,212.00 ,213.00 ,214.00 ,215.00 ,216.00 ,217.00 ,218.00 ,219.00 ,220.00 ,221.00 ,222.00 ,223.00 ,224.00 ,225.00 ,226.00 ,227.00 ,228.00 ,229.00 ,230.00 ,231.00 ,232.00 ,233.00 ,234.00 ,235.00 ,236.00 ,237.00 ,238.00 ,239.00 ,240.00 ,241.00 ,242.00 ,243.00 ,244.00 ,245.00 ,246.00 ,247.00 ,248.00 ,249.00 ,250.00 ,251.00 ,252.00 ,253.00 ,254.00 ,255.00 ,256.00 ,257.00 ,258.00 ,259.00 ,260.00 ,261.00 ,262.00 ,263.00 ,264.00 ,265.00 ,266.00 ,267.00 ,268.00 ,269.00 ,270.00 ,271.00 ,272.00 ,273.00 ,274.00 ,275.00 ,276.00 ,277.00 ,278.00 ,279.00 ,280.00 ,281.00 ,282.00 ,283.00 ,284.00 ,285.00 ,286.00 ,287.00 ,288.00 ,289.00 ,290.00 ,291.00 ,292.00 ,293.00 ,294.00 ,295.00 ,296.00 ,297.00 ,298.00 ,299.00 ,300.00 ,301.00 ,302.00 ,303.00 ,304.00 ,305.00 ,306.00 ,307.00 ,308.00 ,309.00 ,310.00 ,311.00 ,312.00 ,313.00 ,314.00 ,315.00 ,316.00 ,317.00 ,318.00 ,319.00 ,320.00 ,321.00 ,322.00 ,323.00 ,324.00 ,325.00 ,326.00 ,327.00 ,328.00 ,329.00 ,330.00 ,331.00 ,332.00 ,333.00 ,334.00 ,335.00 ,336.00 ,337.00 ,338.00 ,339.00 ,340.00 ,341.00 ,342.00 ,343.00 ,344.00 ,345.00 ,346.00 ,347.00 ,348.00 ,349.00 ,350.00 ,351.00 ,352.00 ,353.00 ,354.00 ,355.00 ,356.00 ,357.00 ,358.00 ,359.00 ,360.00 ,361.00 ,362.00 ,363.00 ,364.00 ,365.00 ,MEAN
"BERKELEY, CA US",USC00040693,-8.09 ,-7.99 ,-7.99 ,-7.99 ,-7.89 ,-7.89 ,-7.89 ,-7.79 ,-7.79 ,-7.69 ,-7.69 ,-7.59 ,-7.59 ,-7.49 ,-7.49 ,-7.39 ,-7.39 ,-7.29 ,-7.29 ,-7.19 ,-7.19 ,-7.09 ,-7.09 ,-6.99 ,-6.89 ,-6.89 ,-6.79 ,-6.79 ,-6.69 ,-6.59 ,-6.59 ,-6.49 ,-6.39 ,-6.39 ,-6.29 ,-6.19 ,-6.09 ,-6.09 ,-5.99 ,-5.89 ,-5.79 ,-5.79 ,-5.69 ,-5.59 ,-5.49 ,-5.39 ,-5.29 ,-5.29 ,-5.19 ,-5.09 ,-4.99 ,-4.89 ,-4.79 ,-4.79 ,-4.69 ,-4.59 ,-4.49 ,-4.39 ,-4.29 ,-4.29 ,-4.19 ,-4.09 ,-3.99 ,-3.89 ,-3.89 ,-3.79 ,-3.69 ,-3.69 ,-3.59 ,-3.49 ,-3.49 ,-3.39 ,-3.29 ,-3.29 ,-3.19 ,-3.09 ,-3.09 ,-2.99 ,-2.99 ,-2.89 ,-2.89 ,-2.79 ,-2.79 ,-2.69 ,-2.69 ,-2.59 ,-2.59 ,-2.49 ,-2.49 ,-2.39 ,-2.39 ,-2.29 ,-2.19 ,-2.19 ,-2.09 ,-2.09 ,-1.99 ,-1.99 ,-1.89 ,-1.89 ,-1.79 ,-1.79 ,-1.69 ,-1.59 ,-1.59 ,-1.49 ,-1.49 ,-1.39 ,-1.29 ,-1.29 ,-1.19 ,-1.09 ,-0.99 ,-0.99 ,-0.89 ,-0.79 ,-0.69 ,-0.59 ,-0.59 ,-0.49 ,-0.39 ,-0.29 ,-0.19 ,-0.09 ,0.01 ,0.11 ,0.21 ,0.31 ,0.41 ,0.51 ,0.61 ,0.71 ,0.81 ,0.91 ,1.01 ,1.11 ,1.31 ,1.41 ,1.51 ,1.61 ,1.71 ,1.91 ,2.01 ,2.11 ,2.21 ,2.41 ,2.51 ,2.61 ,2.71 ,2.81 ,3.01 ,3.11 ,3.21 ,3.31 ,3.41 ,3.51 ,3.71 ,3.81 ,3.91 ,4.01 ,4.11 ,4.21 ,4.31 ,4.31 ,4.41 ,4.51 ,4.61 ,4.71 ,4.71 ,4.81 ,4.91 ,4.91 ,5.01 ,5.01 ,5.01 ,5.11 ,5.11 ,5.11 ,5.21 ,5.21 ,5.21 ,5.21 ,5.21 ,5.21 ,5.21 ,5.21 ,5.21 ,5.21 ,5.21 ,5.21 ,5.21 ,5.21 ,5.21 ,5.21 ,5.21 ,5.21 ,5.21 ,5.21 ,5.21 ,5.21 ,5.11 ,5.11 ,5.11 ,5.11 ,5.21 ,5.21 ,5.21 ,5.21 ,5.21 ,5.21 ,5.21 ,5.31 ,5.31 ,5.31 ,5.41 ,5.41 ,5.41 ,5.51 ,5.51 ,5.61 ,5.61 ,5.61 ,5.71 ,5.71 ,5.81 ,5.91 ,5.91 ,6.01 ,6.01 ,6.11 ,6.11 ,6.21 ,6.21 ,6.31 ,6.31 ,6.31 ,6.41 ,6.41 ,6.51 ,6.51 ,6.51 ,6.61 ,6.61 ,6.61 ,6.61 ,6.61 ,6.71 ,6.71 ,6.71 ,6.71 ,6.71 ,6.71 ,6.71 ,6.71 ,6.61 ,6.61 ,6.61 ,6.61 ,6.61 ,6.51 ,6.51 ,6.51 ,6.41 ,6.41 ,6.31 ,6.31 ,6.21 ,6.21 ,6.11 ,6.11 ,6.01 ,5.91 ,5.91 ,5.81 ,5.71 ,5.61 ,5.61 ,5.51 ,5.41 ,5.31 ,5.21 ,5.11 ,5.01 ,4.91 ,4.71 ,4.61 ,4.51 ,4.41 ,4.21 ,4.11 ,3.91 ,3.81 ,3.61 ,3.41 ,3.31 ,3.11 ,2.91 ,2.71 ,2.51 ,2.31 ,2.11 ,1.91 ,1.71 ,1.41 ,1.21 ,1.01 ,0.71 ,0.51 ,0.21 ,0.01 ,-0.29 ,-0.49 ,-0.79 ,-1.09 ,-1.29 ,-1.59 ,-1.79 ,-2.09 ,-2.39 ,-2.59 ,-2.89 ,-3.19 ,-3.39 ,-3.69 ,-3.89 ,-4.19 ,-4.39 ,-4.59 ,-4.89 ,-5.09 ,-5.29 ,-5.49 ,-5.69 ,-5.89 ,-6.09 ,-6.29 ,-6.39 ,-6.59 ,-6.79 ,-6.89 ,-6.99 ,-7.19 ,-7.29 ,-7.39 ,-7.49 ,-7.59 ,-7.69 ,-7.79 ,-7.79 ,-7.89 ,-7.89 ,-7.99 ,-7.99 ,-8.09 ,-8.09 ,-8.09 ,-8.09 ,-8.09 ,-8.09 ,-8.09 ,-8.09 ,-8.09 ,-8.09 ,-8.09 ,-8.09 ,58.49 
"U C L A, CA US",USC00049152,-4.85 ,-4.85 ,-4.75 ,-4.75 ,-4.65 ,-4.55 ,-4.55 ,-4.55 ,-4.45 ,-4.45 ,-4.35 ,-4.35 ,-4.35 ,-4.35 ,-4.35 ,-4.35 ,-4.35 ,-4.35 ,-4.35 ,-4.35 ,-4.45 ,-4.45 ,-4.45 ,-4.55 ,-4.55 ,-4.65 ,-4.65 ,-4.75 ,-4.75 ,-4.85 ,-4.95 ,-4.95 ,-5.05 ,-5.05 ,-5.15 ,-5.15 ,-5.25 ,-5.25 ,-5.25 ,-5.35 ,-5.35 ,-5.35 ,-5.45 ,-5.45 ,-5.45 ,-5.45 ,-5.45 ,-5.45 ,-5.45 ,-5.45 ,-5.45 ,-5.45 ,-5.35 ,-5.35 ,-5.35 ,-5.25 ,-5.25 ,-5.15 ,-5.15 ,-5.05 ,-5.05 ,-4.95 ,-4.95 ,-4.85 ,-4.85 ,-4.75 ,-4.75 ,-4.65 ,-4.55 ,-4.55 ,-4.45 ,-4.45 ,-4.35 ,-4.35 ,-4.25 ,-4.25 ,-4.15 ,-4.15 ,-4.05 ,-4.05 ,-3.95 ,-3.95 ,-3.85 ,-3.85 ,-3.85 ,-3.75 ,-3.75 ,-3.65 ,-3.65 ,-3.55 ,-3.55 ,-3.45 ,-3.45 ,-3.45 ,-3.35 ,-3.35 ,-3.25 ,-3.25 ,-3.15 ,-3.15 ,-3.05 ,-2.95 ,-2.95 ,-2.85 ,-2.85 ,-2.75 ,-2.65 ,-2.65 ,-2.55 ,-2.45 ,-2.45 ,-2.35 ,-2.35 ,-2.25 ,-2.15 ,-2.15 ,-2.05 ,-1.95 ,-1.95 ,-1.85 ,-1.85 ,-1.75 ,-1.65 ,-1.65 ,-1.55 ,-1.55 ,-1.45 ,-1.45 ,-1.45 ,-1.35 ,-1.35 ,-1.25 ,-1.25 ,-1.15 ,-1.15 ,-1.15 ,-1.05 ,-1.05 ,-0.95 ,-0.95 ,-0.95 ,-0.85 ,-0.85 ,-0.75 ,-0.75 ,-0.65 ,-0.55 ,-0.55 ,-0.45 ,-0.35 ,-0.35 ,-0.25 ,-0.15 ,-0.05 ,0.05 ,0.15 ,0.25 ,0.35 ,0.55 ,0.65 ,0.75 ,0.85 ,1.05 ,1.15 ,1.35 ,1.45 ,1.65 ,1.75 ,1.95 ,2.15 ,2.25 ,2.45 ,2.55 ,2.75 ,2.95 ,3.05 ,3.25 ,3.35 ,3.55 ,3.65 ,3.85 ,3.95 ,4.15 ,4.25 ,4.35 ,4.55 ,4.65 ,4.75 ,4.85 ,4.95 ,5.05 ,5.15 ,5.25 ,5.25 ,5.35 ,5.45 ,5.45 ,5.55 ,5.55 ,5.65 ,5.65 ,5.75 ,5.75 ,5.75 ,5.85 ,5.85 ,5.85 ,5.95 ,5.95 ,5.95 ,5.95 ,6.05 ,6.05 ,6.05 ,6.05 ,6.15 ,6.15 ,6.15 ,6.25 ,6.25 ,6.35 ,6.35 ,6.35 ,6.45 ,6.45 ,6.55 ,6.55 ,6.65 ,6.65 ,6.75 ,6.75 ,6.75 ,6.85 ,6.85 ,6.95 ,6.95 ,6.95 ,7.05 ,7.05 ,7.05 ,7.05 ,7.05 ,7.05 ,7.05 ,7.05 ,7.05 ,7.05 ,7.05 ,7.05 ,6.95 ,6.95 ,6.85 ,6.85 ,6.75 ,6.65 ,6.65 ,6.55 ,6.45 ,6.35 ,6.25 ,6.15 ,6.05 ,5.95 ,5.85 ,5.75 ,5.65 ,5.55 ,5.45 ,5.35 ,5.25 ,5.15 ,4.95 ,4.85 ,4.75 ,4.65 ,4.55 ,4.45 ,4.45 ,4.35 ,4.25 ,4.15 ,4.05 ,3.95 ,3.95 ,3.85 ,3.75 ,3.65 ,3.65 ,3.55 ,3.45 ,3.45 ,3.35 ,3.25 ,3.25 ,3.15 ,3.05 ,2.95 ,2.85 ,2.75 ,2.75 ,2.65 ,2.45 ,2.35 ,2.25 ,2.15 ,2.05 ,1.85 ,1.75 ,1.55 ,1.45 ,1.25 ,1.05 ,0.85 ,0.65 ,0.45 ,0.25 ,0.05 ,-0.15 ,-0.35 ,-0.55 ,-0.85 ,-1.05 ,-1.25 ,-1.55 ,-1.75 ,-1.95 ,-2.25 ,-2.45 ,-2.65 ,-2.85 ,-3.15 ,-3.35 ,-3.55 ,-3.75 ,-3.95 ,-4.05 ,-4.25 ,-4.45 ,-4.55 ,-4.75 ,-4.85 ,-4.95 ,-5.05 ,-5.15 ,-5.25 ,-5.35 ,-5.35 ,-5.45 ,-5.45 ,-5.45 ,-5.55 ,-5.55 ,-5.55 ,-5.45 ,-5.45 ,-5.45 ,-5.45 ,-5.35 ,-5.35 ,-5.25 ,-5.25 ,-5.15 ,-5.05 ,-5.05 ,-4.95 ,64.35 
"CHICAGO MIDWAY AP 3SW, IL US",USC00111577,-24.87 ,-25.07 ,-25.27 ,-25.37 ,-25.57 ,-25.77 ,-25.87 ,-26.07 ,-26.17 ,-26.27 ,-26.37 ,-26.47 ,-26.57 ,-26.67 ,-26.77 ,-26.87 ,-26.87 ,-26.97 ,-26.97 ,-27.07 ,-27.07 ,-27.07 ,-26.97 ,-26.97 ,-26.97 ,-26.87 ,-26.77 ,-26.77 ,-26.67 ,-26.47 ,-26.37 ,-26.27 ,-26.07 ,-25.87 ,-25.67 ,-25.47 ,-25.27 ,-25.07 ,-24.87 ,-24.57 ,-24.27 ,-24.07 ,-23.77 ,-23.47 ,-23.17 ,-22.87 ,-22.47 ,-22.17 ,-21.87 ,-21.47 ,-21.17 ,-20.77 ,-20.47 ,-20.07 ,-19.77 ,-19.37 ,-18.97 ,-18.67 ,-18.27 ,-17.87 ,-17.57 ,-17.17 ,-16.77 ,-16.47 ,-16.07 ,-15.67 ,-15.37 ,-14.97 ,-14.67 ,-14.27 ,-13.97 ,-13.57 ,-13.27 ,-12.87 ,-12.57 ,-12.27 ,-11.87 ,-11.57 ,-11.27 ,-10.87 ,-10.57 ,-10.17 ,-9.87 ,-9.57 ,-9.17 ,-8.87 ,-8.47 ,-8.17 ,-7.87 ,-7.47 ,-7.17 ,-6.77 ,-6.37 ,-6.07 ,-5.67 ,-5.37 ,-4.97 ,-4.57 ,-4.27 ,-3.87 ,-3.47 ,-3.07 ,-2.67 ,-2.37 ,-1.97 ,-1.57 ,-1.17 ,-0.77 ,-0.37 ,0.03 ,0.33 ,0.73 ,1.13 ,1.53 ,1.93 ,2.33 ,2.63 ,3.03 ,3.43 ,3.83 ,4.13 ,4.53 ,4.93 ,5.23 ,5.63 ,5.93 ,6.33 ,6.63 ,7.03 ,7.33 ,7.73 ,8.03 ,8.43 ,8.73 ,9.03 ,9.43 ,9.73 ,10.13 ,10.43 ,10.73 ,11.13 ,11.43 ,11.73 ,12.13 ,12.43 ,12.73 ,13.13 ,13.43 ,13.83 ,14.13 ,14.43 ,14.83 ,15.13 ,15.53 ,15.83 ,16.13 ,16.53 ,16.83 ,17.23 ,17.53 ,17.83 ,18.13 ,18.53 ,18.83 ,19.13 ,19.43 ,19.73 ,20.03 ,20.33 ,20.63 ,20.93 ,21.23 ,21.43 ,21.73 ,21.93 ,22.13 ,22.33 ,22.63 ,22.83 ,22.93 ,23.13 ,23.33 ,23.43 ,23.63 ,23.73 ,23.83 ,23.93 ,24.03 ,24.13 ,24.13 ,24.23 ,24.33 ,24.33 ,24.33 ,24.33 ,24.33 ,24.33 ,24.33 ,24.33 ,24.33 ,24.33 ,24.33 ,24.23 ,24.23 ,24.13 ,24.13 ,24.03 ,24.03 ,23.93 ,23.93 ,23.83 ,23.83 ,23.73 ,23.63 ,23.63 ,23.53 ,23.43 ,23.43 ,23.33 ,23.23 ,23.23 ,23.13 ,23.03 ,23.03 ,22.93 ,22.83 ,22.73 ,22.63 ,22.53 ,22.43 ,22.33 ,22.23 ,22.13 ,21.93 ,21.83 ,21.63 ,21.53 ,21.33 ,21.13 ,21.03 ,20.83 ,20.63 ,20.33 ,20.13 ,19.93 ,19.63 ,19.33 ,19.13 ,18.83 ,18.53 ,18.23 ,17.93 ,17.53 ,17.23 ,16.83 ,16.53 ,16.13 ,15.73 ,15.33 ,14.93 ,14.53 ,14.13 ,13.73 ,13.33 ,12.93 ,12.53 ,12.03 ,11.63 ,11.23 ,10.73 ,10.33 ,9.93 ,9.43 ,9.03 ,8.63 ,8.13 ,7.73 ,7.23 ,6.83 ,6.43 ,6.03 ,5.53 ,5.13 ,4.73 ,4.33 ,3.93 ,3.43 ,3.03 ,2.63 ,2.23 ,1.83 ,1.43 ,1.03 ,0.63 ,0.13 ,-0.27 ,-0.67 ,-1.07 ,-1.47 ,-1.87 ,-2.27 ,-2.67 ,-3.17 ,-3.57 ,-3.97 ,-4.37 ,-4.77 ,-5.27 ,-5.67 ,-6.07 ,-6.57 ,-6.97 ,-7.37 ,-7.87 ,-8.27 ,-8.67 ,-9.17 ,-9.57 ,-9.97 ,-10.47 ,-10.87 ,-11.27 ,-11.77 ,-12.17 ,-12.57 ,-12.97 ,-13.37 ,-13.87 ,-14.27 ,-14.67 ,-15.07 ,-15.37 ,-15.77 ,-16.17 ,-16.57 ,-16.87 ,-17.27 ,-17.67 ,-17.97 ,-18.27 ,-18.67 ,-18.97 ,-19.27 ,-19.57 ,-19.87 ,-20.17 ,-20.47 ,-20.77 ,-21.07 ,-21.27 ,-21.57 ,-21.87 ,-22.07 ,-22.37 ,-22.57 ,-22.77 ,-23.07 ,-23.27 ,-23.47 ,-23.67 ,-23.87 ,-24.07 ,-24.37 ,-24.47 ,-24.67 ,52.57 
"ANGELICA, NY US",USC00300183,-20.96 ,-21.16 ,-21.36 ,-21.56 ,-21.76 ,-21.96 ,-22.06 ,-22.26 ,-22.46 ,-22.56 ,-22.76 ,-22.86 ,-23.06 ,-23.16 ,-23.26 ,-23.36 ,-23.46 ,-23.56 ,-23.66 ,-23.66 ,-23.76 ,-23.86 ,-23.86 ,-23.86 ,-23.86 ,-23.86 ,-23.86 ,-23.86 ,-23.86 ,-23.86 ,-23.76 ,-23.66 ,-23.66 ,-23.56 ,-23.46 ,-23.36 ,-23.26 ,-23.06 ,-22.96 ,-22.76 ,-22.66 ,-22.46 ,-22.26 ,-22.06 ,-21.86 ,-21.66 ,-21.46 ,-21.26 ,-21.06 ,-20.86 ,-20.56 ,-20.36 ,-20.06 ,-19.86 ,-19.56 ,-19.36 ,-19.06 ,-18.86 ,-18.56 ,-18.26 ,-17.96 ,-17.76 ,-17.46 ,-17.16 ,-16.86 ,-16.56 ,-16.26 ,-15.96 ,-15.66 ,-15.36 ,-15.06 ,-14.76 ,-14.46 ,-14.16 ,-13.86 ,-13.46 ,-13.16 ,-12.86 ,-12.46 ,-12.16 ,-11.86 ,-11.46 ,-11.06 ,-10.76 ,-10.36 ,-10.06 ,-9.66 ,-9.26 ,-8.86 ,-8.46 ,-8.06 ,-7.66 ,-7.26 ,-6.86 ,-6.46 ,-6.06 ,-5.66 ,-5.16 ,-4.76 ,-4.36 ,-3.86 ,-3.46 ,-3.06 ,-2.56 ,-2.16 ,-1.76 ,-1.26 ,-0.86 ,-0.46 ,0.04 ,0.44 ,0.84 ,1.24 ,1.74 ,2.14 ,2.54 ,2.94 ,3.34 ,3.74 ,4.14 ,4.44 ,4.84 ,5.24 ,5.54 ,5.94 ,6.24 ,6.64 ,6.94 ,7.24 ,7.64 ,7.94 ,8.24 ,8.54 ,8.84 ,9.14 ,9.44 ,9.74 ,10.04 ,10.34 ,10.54 ,10.84 ,11.14 ,11.44 ,11.64 ,11.94 ,12.24 ,12.54 ,12.74 ,13.04 ,13.34 ,13.54 ,13.84 ,14.14 ,14.34 ,14.64 ,14.94 ,15.14 ,15.44 ,15.74 ,15.94 ,16.24 ,16.54 ,16.74 ,17.04 ,17.24 ,17.54 ,17.74 ,18.04 ,18.24 ,18.44 ,18.74 ,18.94 ,19.14 ,19.34 ,19.54 ,19.74 ,19.94 ,20.14 ,20.24 ,20.44 ,20.54 ,20.74 ,20.84 ,20.94 ,21.04 ,21.14 ,21.24 ,21.34 ,21.44 ,21.54 ,21.54 ,21.64 ,21.64 ,21.64 ,21.64 ,21.74 ,21.74 ,21.74 ,21.74 ,21.64 ,21.64 ,21.64 ,21.64 ,21.64 ,21.54 ,21.54 ,21.44 ,21.44 ,21.34 ,21.34 ,21.24 ,21.24 ,21.14 ,21.14 ,21.04 ,21.04 ,20.94 ,20.84 ,20.84 ,20.74 ,20.64 ,20.64 ,20.54 ,20.44 ,20.34 ,20.24 ,20.14 ,20.04 ,20.04 ,19.84 ,19.74 ,19.64 ,19.54 ,19.44 ,19.24 ,19.14 ,18.94 ,18.84 ,18.64 ,18.44 ,18.24 ,18.04 ,17.84 ,17.64 ,17.44 ,17.24 ,16.94 ,16.64 ,16.44 ,16.14 ,15.84 ,15.54 ,15.24 ,14.94 ,14.64 ,14.24 ,13.94 ,13.64 ,13.24 ,12.84 ,12.54 ,12.14 ,11.74 ,11.44 ,11.04 ,10.64 ,10.24 ,9.84 ,9.44 ,9.04 ,8.74 ,8.34 ,7.94 ,7.54 ,7.14 ,6.74 ,6.44 ,6.04 ,5.64 ,5.24 ,4.94 ,4.54 ,4.24 ,3.84 ,3.44 ,3.14 ,2.84 ,2.44 ,2.14 ,1.74 ,1.44 ,1.14 ,0.84 ,0.44 ,0.14 ,-0.16 ,-0.46 ,-0.76 ,-1.06 ,-1.46 ,-1.76 ,-2.06 ,-2.36 ,-2.66 ,-2.96 ,-3.26 ,-3.66 ,-3.96 ,-4.26 ,-4.56 ,-4.86 ,-5.26 ,-5.56 ,-5.86 ,-6.16 ,-6.56 ,-6.86 ,-7.16 ,-7.56 ,-7.86 ,-8.16 ,-8.56 ,-8.86 ,-9.16 ,-9.56 ,-9.86 ,-10.16 ,-10.56 ,-10.86 ,-11.16 ,-11.56 ,-11.86 ,-12.16 ,-12.46 ,-12.76 ,-13.16 ,-13.46 ,-13.76 ,-14.06 ,-14.36 ,-14.66 ,-14.96 ,-15.26 ,-15.56 ,-15.86 ,-16.16 ,-16.36 ,-16.66 ,-16.96 ,-17.16 ,-17.46 ,-17.76 ,-17.96 ,-18.26 ,-18.46 ,-18.76 ,-18.96 ,-19.26 ,-19.46 ,-19.66 ,-19.86 ,-20.16 ,-20.36 ,-20.56 ,-20.76 ,45.96 
"OKLAHOMA CITY POST AP, OK US",USW00003954,-22.84 ,-22.94 ,-22.94 ,-22.94 ,-22.94 ,-22.94 ,-22.94 ,-22.94 ,-22.84 ,-22.84 ,-22.84 ,-22.74 ,-22.74 ,-22.64 ,-22.64 ,-22.54 ,-22.54 ,-22.44 ,-22.34 ,-22.34 ,-22.24 ,-22.14 ,-22.04 ,-21.94 ,-21.84 ,-21.74 ,-21.64 ,-21.54 ,-21.44 ,-21.34 ,-21.24 ,-21.14 ,-20.94 ,-20.84 ,-20.64 ,-20.54 ,-20.34 ,-20.24 ,-20.04 ,-19.84 ,-19.64 ,-19.44 ,-19.24 ,-19.04 ,-18.74 ,-18.54 ,-18.34 ,-18.04 ,-17.74 ,-17.54 ,-17.24 ,-16.94 ,-16.64 ,-16.34 ,-16.04 ,-15.74 ,-15.44 ,-15.04 ,-14.74 ,-14.44 ,-14.04 ,-13.74 ,-13.44 ,-13.04 ,-12.74 ,-12.34 ,-12.04 ,-11.64 ,-11.34 ,-10.94 ,-10.64 ,-10.24 ,-9.94 ,-9.64 ,-9.24 ,-8.94 ,-8.64 ,-8.34 ,-8.04 ,-7.74 ,-7.44 ,-7.14 ,-6.84 ,-6.54 ,-6.24 ,-6.04 ,-5.74 ,-5.44 ,-5.24 ,-4.94 ,-4.74 ,-4.54 ,-4.24 ,-4.04 ,-3.74 ,-3.54 ,-3.34 ,-3.04 ,-2.84 ,-2.64 ,-2.34 ,-2.14 ,-1.94 ,-1.64 ,-1.44 ,-1.24 ,-0.94 ,-0.64 ,-0.44 ,-0.14 ,0.06 ,0.36 ,0.66 ,0.96 ,1.26 ,1.56 ,1.86 ,2.16 ,2.46 ,2.76 ,3.06 ,3.46 ,3.76 ,4.06 ,4.46 ,4.76 ,5.06 ,5.46 ,5.76 ,6.16 ,6.46 ,6.86 ,7.26 ,7.56 ,7.96 ,8.26 ,8.66 ,8.96 ,9.36 ,9.66 ,9.96 ,10.36 ,10.66 ,10.96 ,11.26 ,11.66 ,11.96 ,12.26 ,12.56 ,12.86 ,13.16 ,13.46 ,13.66 ,13.96 ,14.26 ,14.56 ,14.76 ,15.06 ,15.26 ,15.56 ,15.76 ,16.06 ,16.26 ,16.56 ,16.76 ,16.96 ,17.26 ,17.46 ,17.66 ,17.86 ,18.16 ,18.36 ,18.56 ,18.76 ,18.96 ,19.16 ,19.36 ,19.56 ,19.76 ,19.96 ,20.16 ,20.36 ,20.56 ,20.76 ,20.96 ,21.16 ,21.26 ,21.46 ,21.66 ,21.76 ,21.96 ,22.06 ,22.26 ,22.36 ,22.46 ,22.56 ,22.66 ,22.76 ,22.86 ,22.96 ,23.06 ,23.06 ,23.16 ,23.16 ,23.26 ,23.26 ,23.26 ,23.26 ,23.26 ,23.26 ,23.16 ,23.16 ,23.06 ,23.06 ,22.96 ,22.86 ,22.76 ,22.66 ,22.56 ,22.46 ,22.36 ,22.16 ,22.06 ,21.86 ,21.76 ,21.56 ,21.36 ,21.16 ,20.96 ,20.76 ,20.56 ,20.36 ,20.16 ,19.96 ,19.76 ,19.46 ,19.26 ,19.06 ,18.76 ,18.46 ,18.26 ,17.96 ,17.76 ,17.46 ,17.16 ,16.86 ,16.56 ,16.26 ,15.96 ,15.66 ,15.36 ,15.06 ,14.76 ,14.46 ,14.06 ,13.76 ,13.36 ,13.06 ,12.76 ,12.36 ,11.96 ,11.66 ,11.26 ,10.86 ,10.56 ,10.16 ,9.76 ,9.36 ,8.96 ,8.56 ,8.16 ,7.76 ,7.36 ,6.96 ,6.56 ,6.16 ,5.76 ,5.36 ,4.86 ,4.46 ,4.06 ,3.66 ,3.26 ,2.86 ,2.46 ,1.96 ,1.56 ,1.16 ,0.76 ,0.36 ,-0.04 ,-0.44 ,-0.84 ,-1.24 ,-1.64 ,-2.04 ,-2.44 ,-2.84 ,-3.24 ,-3.64 ,-4.04 ,-4.44 ,-4.84 ,-5.24 ,-5.64 ,-5.94 ,-6.34 ,-6.74 ,-7.14 ,-7.54 ,-7.94 ,-8.34 ,-8.74 ,-9.04 ,-9.44 ,-9.84 ,-10.24 ,-10.64 ,-11.04 ,-11.44 ,-11.84 ,-12.14 ,-12.54 ,-12.94 ,-13.34 ,-13.74 ,-14.14 ,-14.44 ,-14.84 ,-15.24 ,-15.54 ,-15.94 ,-16.24 ,-16.64 ,-16.94 ,-17.34 ,-17.64 ,-17.94 ,-18.24 ,-18.64 ,-18.94 ,-19.14 ,-19.44 ,-19.74 ,-20.04 ,-20.24 ,-20.44 ,-20.74 ,-20.94 ,-21.14 ,-21.34 ,-21.54 ,-21.64 ,-21.84 ,-21.94 ,-22.14 ,-22.24 ,-22.34 ,-22.44 ,-22.54 ,-22.64 ,-22.74 ,-22.74 ,-22.84 ,-22.84 ,61.54 
"HOUSTON INTERCONT AP, TX US",USW00012960,-17.04 ,-17.04 ,-17.14 ,-17.14 ,-17.24 ,-17.24 ,-17.24 ,-17.24 ,-17.24 ,-17.24 ,-17.24 ,-17.24 ,-17.24 ,-17.14 ,-17.14 ,-17.04 ,-17.04 ,-16.94 ,-16.84 ,-16.84 ,-16.74 ,-16.64 ,-16.54 ,-16.44 ,-16.34 ,-16.24 ,-16.04 ,-15.94 ,-15.84 ,-15.64 ,-15.54 ,-15.34 ,-15.24 ,-15.04 ,-14.84 ,-14.74 ,-14.54 ,-14.34 ,-14.14 ,-13.94 ,-13.84 ,-13.64 ,-13.44 ,-13.24 ,-13.04 ,-12.84 ,-12.64 ,-12.44 ,-12.24 ,-11.94 ,-11.74 ,-11.54 ,-11.34 ,-11.14 ,-10.94 ,-10.74 ,-10.54 ,-10.24 ,-10.04 ,-9.84 ,-9.64 ,-9.44 ,-9.24 ,-9.04 ,-8.74 ,-8.54 ,-8.34 ,-8.14 ,-7.94 ,-7.74 ,-7.54 ,-7.34 ,-7.14 ,-6.94 ,-6.74 ,-6.54 ,-6.34 ,-6.14 ,-5.94 ,-5.74 ,-5.54 ,-5.34 ,-5.14 ,-4.94 ,-4.74 ,-4.54 ,-4.34 ,-4.14 ,-3.94 ,-3.74 ,-3.54 ,-3.34 ,-3.14 ,-2.94 ,-2.74 ,-2.64 ,-2.44 ,-2.24 ,-2.04 ,-1.84 ,-1.64 ,-1.44 ,-1.24 ,-1.04 ,-0.74 ,-0.54 ,-0.34 ,-0.14 ,0.06 ,0.26 ,0.56 ,0.76 ,0.96 ,1.26 ,1.46 ,1.66 ,1.96 ,2.16 ,2.46 ,2.66 ,2.96 ,3.16 ,3.46 ,3.66 ,3.96 ,4.26 ,4.46 ,4.76 ,5.06 ,5.26 ,5.56 ,5.86 ,6.06 ,6.36 ,6.66 ,6.86 ,7.16 ,7.46 ,7.66 ,7.96 ,8.16 ,8.46 ,8.66 ,8.86 ,9.16 ,9.36 ,9.56 ,9.76 ,9.96 ,10.16 ,10.36 ,10.56 ,10.76 ,10.96 ,11.16 ,11.26 ,11.46 ,11.56 ,11.76 ,11.86 ,12.06 ,12.16 ,12.26 ,12.36 ,12.46 ,12.56 ,12.66 ,12.76 ,12.86 ,12.96 ,13.06 ,13.16 ,13.16 ,13.26 ,13.36 ,13.36 ,13.46 ,13.56 ,13.56 ,13.66 ,13.66 ,13.76 ,13.86 ,13.86 ,13.96 ,13.96 ,14.06 ,14.06 ,14.16 ,14.16 ,14.26 ,14.36 ,14.36 ,14.46 ,14.46 ,14.56 ,14.56 ,14.66 ,14.66 ,14.76 ,14.76 ,14.86 ,14.86 ,14.96 ,14.96 ,15.06 ,15.06 ,15.16 ,15.16 ,15.16 ,15.16 ,15.26 ,15.26 ,15.26 ,15.26 ,15.26 ,15.26 ,15.26 ,15.26 ,15.26 ,15.16 ,15.16 ,15.16 ,15.06 ,15.06 ,14.96 ,14.96 ,14.86 ,14.76 ,14.66 ,14.66 ,14.56 ,14.46 ,14.36 ,14.16 ,14.06 ,13.96 ,13.86 ,13.66 ,13.56 ,13.46 ,13.26 ,13.06 ,12.96 ,12.76 ,12.56 ,12.46 ,12.26 ,12.06 ,11.86 ,11.66 ,11.46 ,11.26 ,11.06 ,10.86 ,10.66 ,10.46 ,10.26 ,9.96 ,9.76 ,9.56 ,9.26 ,9.06 ,8.86 ,8.56 ,8.36 ,8.06 ,7.76 ,7.56 ,7.26 ,6.96 ,6.66 ,6.46 ,6.16 ,5.86 ,5.56 ,5.26 ,4.96 ,4.66 ,4.36 ,4.06 ,3.66 ,3.36 ,3.06 ,2.76 ,2.36 ,2.06 ,1.76 ,1.36 ,1.06 ,0.66 ,0.36 ,0.06 ,-0.34 ,-0.64 ,-1.04 ,-1.34 ,-1.74 ,-2.04 ,-2.44 ,-2.74 ,-3.14 ,-3.44 ,-3.74 ,-4.14 ,-4.44 ,-4.74 ,-5.14 ,-5.44 ,-5.74 ,-6.04 ,-6.44 ,-6.74 ,-7.04 ,-7.34 ,-7.64 ,-7.94 ,-8.24 ,-8.54 ,-8.84 ,-9.04 ,-9.34 ,-9.64 ,-9.84 ,-10.14 ,-10.44 ,-10.64 ,-10.94 ,-11.14 ,-11.34 ,-11.64 ,-11.84 ,-12.04 ,-12.34 ,-12.54 ,-12.74 ,-12.94 ,-13.14 ,-13.34 ,-13.54 ,-13.74 ,-13.94 ,-14.14 ,-14.24 ,-14.44 ,-14.64 ,-14.84 ,-14.94 ,-15.14 ,-15.24 ,-15.44 ,-15.54 ,-15.74 ,-15.84 ,-15.94 ,-16.14 ,-16.24 ,-16.34 ,-16.44 ,-16.54 ,-16.64 ,-16.74 ,-16.84 ,-16.94 ,-16.94 ,70.54 
"WASHINGTON REAGAN AP, VA US",USW00013743,-20.93 ,-21.03 ,-21.13 ,-21.33 ,-21.43 ,-21.53 ,-21.63 ,-21.73 ,-21.83 ,-21.93 ,-22.03 ,-22.13 ,-22.23 ,-22.23 ,-22.33 ,-22.33 ,-22.33 ,-22.43 ,-22.43 ,-22.43 ,-22.43 ,-22.43 ,-22.33 ,-22.33 ,-22.23 ,-22.23 ,-22.13 ,-22.03 ,-22.03 ,-21.93 ,-21.83 ,-21.73 ,-21.53 ,-21.43 ,-21.33 ,-21.23 ,-21.03 ,-20.83 ,-20.73 ,-20.53 ,-20.33 ,-20.23 ,-20.03 ,-19.83 ,-19.63 ,-19.43 ,-19.23 ,-19.03 ,-18.83 ,-18.63 ,-18.33 ,-18.13 ,-17.93 ,-17.73 ,-17.43 ,-17.23 ,-17.03 ,-16.73 ,-16.53 ,-16.23 ,-16.03 ,-15.73 ,-15.53 ,-15.23 ,-14.93 ,-14.73 ,-14.43 ,-14.13 ,-13.83 ,-13.53 ,-13.23 ,-13.03 ,-12.73 ,-12.33 ,-12.03 ,-11.73 ,-11.43 ,-11.13 ,-10.73 ,-10.43 ,-10.13 ,-9.73 ,-9.43 ,-9.03 ,-8.73 ,-8.33 ,-7.93 ,-7.63 ,-7.23 ,-6.83 ,-6.53 ,-6.13 ,-5.73 ,-5.33 ,-4.93 ,-4.63 ,-4.23 ,-3.83 ,-3.43 ,-3.13 ,-2.73 ,-2.33 ,-2.03 ,-1.63 ,-1.23 ,-0.93 ,-0.53 ,-0.23 ,0.17 ,0.47 ,0.77 ,1.17 ,1.47 ,1.77 ,2.07 ,2.37 ,2.67 ,2.97 ,3.27 ,3.57 ,3.77 ,4.07 ,4.37 ,4.67 ,4.87 ,5.17 ,5.37 ,5.67 ,5.97 ,6.17 ,6.47 ,6.67 ,6.97 ,7.17 ,7.47 ,7.77 ,7.97 ,8.27 ,8.57 ,8.77 ,9.07 ,9.37 ,9.67 ,9.97 ,10.27 ,10.57 ,10.87 ,11.17 ,11.47 ,11.77 ,12.07 ,12.37 ,12.77 ,13.07 ,13.37 ,13.67 ,14.07 ,14.37 ,14.67 ,15.07 ,15.37 ,15.67 ,15.97 ,16.27 ,16.67 ,16.97 ,17.27 ,17.57 ,17.87 ,18.07 ,18.37 ,18.67 ,18.87 ,19.17 ,19.37 ,19.57 ,19.87 ,20.07 ,20.27 ,20.37 ,20.57 ,20.77 ,20.87 ,21.07 ,21.17 ,21.27 ,21.37 ,21.47 ,21.57 ,21.57 ,21.67 ,21.67 ,21.77 ,21.77 ,21.87 ,21.87 ,21.87 ,21.87 ,21.87 ,21.87 ,21.87 ,21.77 ,21.77 ,21.77 ,21.67 ,21.67 ,21.67 ,21.57 ,21.57 ,21.47 ,21.47 ,21.37 ,21.37 ,21.27 ,21.27 ,21.17 ,21.07 ,21.07 ,20.97 ,20.87 ,20.87 ,20.77 ,20.67 ,20.57 ,20.47 ,20.37 ,20.27 ,20.17 ,20.07 ,19.97 ,19.87 ,19.77 ,19.57 ,19.47 ,19.27 ,19.17 ,18.97 ,18.77 ,18.57 ,18.37 ,18.17 ,17.97 ,17.77 ,17.57 ,17.27 ,17.07 ,16.77 ,16.57 ,16.27 ,15.97 ,15.67 ,15.37 ,15.07 ,14.77 ,14.37 ,14.07 ,13.67 ,13.37 ,12.97 ,12.67 ,12.27 ,11.87 ,11.57 ,11.17 ,10.77 ,10.37 ,9.97 ,9.57 ,9.17 ,8.77 ,8.37 ,7.97 ,7.57 ,7.17 ,6.77 ,6.37 ,5.97 ,5.57 ,5.17 ,4.87 ,4.47 ,4.07 ,3.67 ,3.27 ,2.87 ,2.47 ,2.07 ,1.67 ,1.27 ,0.97 ,0.57 ,0.17 ,-0.23 ,-0.63 ,-0.93 ,-1.33 ,-1.73 ,-2.03 ,-2.43 ,-2.83 ,-3.23 ,-3.53 ,-3.93 ,-4.23 ,-4.63 ,-5.03 ,-5.33 ,-5.73 ,-6.03 ,-6.43 ,-6.73 ,-7.13 ,-7.43 ,-7.83 ,-8.13 ,-8.53 ,-8.83 ,-9.13 ,-9.53 ,-9.83 ,-10.13 ,-10.43 ,-10.73 ,-11.13 ,-11.43 ,-11.73 ,-12.03 ,-12.33 ,-12.63 ,-12.93 ,-13.13 ,-13.43 ,-13.73 ,-14.03 ,-14.33 ,-14.53 ,-14.83 ,-15.13 ,-15.33 ,-15.63 ,-15.83 ,-16.13 ,-16.33 ,-16.53 ,-16.83 ,-17.03 ,-17.23 ,-17.53 ,-17.73 ,-17.93 ,-18.13 ,-18.33 ,-18.53 ,-18.73 ,-18.93 ,-19.13 ,-19.33 ,-19.53 ,-19.73 ,-19.93 ,-20.03 ,-20.23 ,-20.43 ,-20.53 ,-20.73 ,59.43 
"ATLANTA HARTSFIELD INTL AP, GA US",USW00013874,-18.59 ,-18.69 ,-18.79 ,-18.89 ,-18.99 ,-18.99 ,-19.09 ,-19.09 ,-19.19 ,-19.19 ,-19.19 ,-19.19 ,-19.19 ,-19.19 ,-19.19 ,-19.19 ,-19.19 ,-19.19 ,-19.09 ,-19.09 ,-18.99 ,-18.99 ,-18.89 ,-18.79 ,-18.69 ,-18.59 ,-18.49 ,-18.39 ,-18.29 ,-18.09 ,-17.99 ,-17.89 ,-17.69 ,-17.49 ,-17.39 ,-17.19 ,-16.99 ,-16.79 ,-16.59 ,-16.39 ,-16.19 ,-15.99 ,-15.79 ,-15.59 ,-15.39 ,-15.19 ,-14.89 ,-14.69 ,-14.49 ,-14.19 ,-13.99 ,-13.69 ,-13.49 ,-13.29 ,-12.99 ,-12.79 ,-12.49 ,-12.29 ,-11.99 ,-11.79 ,-11.49 ,-11.29 ,-10.99 ,-10.79 ,-10.49 ,-10.29 ,-9.99 ,-9.79 ,-9.49 ,-9.29 ,-9.09 ,-8.79 ,-8.59 ,-8.29 ,-8.09 ,-7.79 ,-7.59 ,-7.39 ,-7.09 ,-6.89 ,-6.59 ,-6.39 ,-6.19 ,-5.89 ,-5.69 ,-5.39 ,-5.19 ,-4.99 ,-4.69 ,-4.49 ,-4.19 ,-3.99 ,-3.79 ,-3.49 ,-3.29 ,-2.99 ,-2.79 ,-2.49 ,-2.29 ,-1.99 ,-1.79 ,-1.49 ,-1.19 ,-0.99 ,-0.69 ,-0.49 ,-0.19 ,0.11 ,0.31 ,0.61 ,0.91 ,1.11 ,1.41 ,1.71 ,1.91 ,2.21 ,2.51 ,2.71 ,3.01 ,3.31 ,3.61 ,3.81 ,4.11 ,4.41 ,4.61 ,4.91 ,5.21 ,5.51 ,5.71 ,6.01 ,6.31 ,6.51 ,6.81 ,7.01 ,7.31 ,7.61 ,7.81 ,8.11 ,8.31 ,8.61 ,8.81 ,9.11 ,9.31 ,9.61 ,9.81 ,10.11 ,10.31 ,10.51 ,10.81 ,11.01 ,11.21 ,11.41 ,11.71 ,11.91 ,12.11 ,12.31 ,12.51 ,12.71 ,12.91 ,13.11 ,13.31 ,13.51 ,13.71 ,13.91 ,14.01 ,14.21 ,14.41 ,14.61 ,14.71 ,14.91 ,15.01 ,15.21 ,15.31 ,15.51 ,15.61 ,15.71 ,15.91 ,16.01 ,16.11 ,16.21 ,16.31 ,16.41 ,16.51 ,16.61 ,16.71 ,16.81 ,16.91 ,16.91 ,17.01 ,17.11 ,17.11 ,17.21 ,17.31 ,17.31 ,17.31 ,17.41 ,17.41 ,17.41 ,17.51 ,17.51 ,17.51 ,17.51 ,17.51 ,17.51 ,17.61 ,17.61 ,17.51 ,17.51 ,17.51 ,17.51 ,17.51 ,17.51 ,17.51 ,17.41 ,17.41 ,17.41 ,17.31 ,17.31 ,17.21 ,17.21 ,17.11 ,17.11 ,17.01 ,16.91 ,16.91 ,16.81 ,16.71 ,16.61 ,16.51 ,16.51 ,16.41 ,16.31 ,16.11 ,16.01 ,15.91 ,15.81 ,15.71 ,15.51 ,15.41 ,15.31 ,15.11 ,15.01 ,14.81 ,14.61 ,14.41 ,14.31 ,14.11 ,13.91 ,13.71 ,13.51 ,13.31 ,13.01 ,12.81 ,12.61 ,12.31 ,12.11 ,11.81 ,11.61 ,11.31 ,11.01 ,10.81 ,10.51 ,10.21 ,9.91 ,9.61 ,9.31 ,8.91 ,8.61 ,8.31 ,8.01 ,7.61 ,7.31 ,6.91 ,6.61 ,6.21 ,5.91 ,5.51 ,5.11 ,4.81 ,4.41 ,4.01 ,3.61 ,3.31 ,2.91 ,2.51 ,2.11 ,1.71 ,1.31 ,1.01 ,0.61 ,0.21 ,-0.19 ,-0.59 ,-0.99 ,-1.39 ,-1.69 ,-2.09 ,-2.49 ,-2.89 ,-3.19 ,-3.59 ,-3.99 ,-4.29 ,-4.69 ,-4.99 ,-5.39 ,-5.69 ,-6.09 ,-6.39 ,-6.79 ,-7.09 ,-7.39 ,-7.69 ,-8.09 ,-8.39 ,-8.69 ,-8.99 ,-9.29 ,-9.59 ,-9.89 ,-10.19 ,-10.39 ,-10.69 ,-10.99 ,-11.19 ,-11.49 ,-11.79 ,-11.99 ,-12.29 ,-12.49 ,-12.79 ,-12.99 ,-13.19 ,-13.39 ,-13.69 ,-13.89 ,-14.09 ,-14.29 ,-14.49 ,-14.69 ,-14.89 ,-15.09 ,-15.29 ,-15.49 ,-15.69 ,-15.89 ,-15.99 ,-16.19 ,-16.39 ,-16.59 ,-16.69 ,-16.89 ,-16.99 ,-17.19 ,-17.29 ,-17.49 ,-17.59 ,-17.69 ,-17.89 ,-17.99 ,-18.09 ,-18.19 ,-18.29 ,-18.49 ,-18.49 ,63.69 
"KANSAS CITY DOWNTOWN AP, MO US",USW00013988,-25.24 ,-25.44 ,-25.54 ,-25.64 ,-25.74 ,-25.84 ,-25.94 ,-26.04 ,-26.14 ,-26.24 ,-26.24 ,-26.34 ,-26.34 ,-26.44 ,-26.44 ,-26.44 ,-26.44 ,-26.44 ,-26.34 ,-26.34 ,-26.34 ,-26.24 ,-26.14 ,-26.04 ,-25.94 ,-25.84 ,-25.74 ,-25.64 ,-25.44 ,-25.34 ,-25.14 ,-24.94 ,-24.74 ,-24.54 ,-24.34 ,-24.14 ,-23.94 ,-23.64 ,-23.44 ,-23.14 ,-22.84 ,-22.64 ,-22.34 ,-22.04 ,-21.74 ,-21.34 ,-21.04 ,-20.74 ,-20.44 ,-20.04 ,-19.74 ,-19.34 ,-18.94 ,-18.64 ,-18.24 ,-17.84 ,-17.54 ,-17.14 ,-16.74 ,-16.34 ,-15.94 ,-15.54 ,-15.14 ,-14.74 ,-14.44 ,-14.04 ,-13.64 ,-13.24 ,-12.84 ,-12.44 ,-12.04 ,-11.64 ,-11.34 ,-10.94 ,-10.54 ,-10.14 ,-9.84 ,-9.44 ,-9.04 ,-8.74 ,-8.34 ,-7.94 ,-7.64 ,-7.24 ,-6.94 ,-6.64 ,-6.24 ,-5.94 ,-5.64 ,-5.24 ,-4.94 ,-4.64 ,-4.34 ,-4.04 ,-3.64 ,-3.34 ,-3.04 ,-2.74 ,-2.44 ,-2.14 ,-1.84 ,-1.54 ,-1.24 ,-0.94 ,-0.64 ,-0.34 ,-0.04 ,0.26 ,0.56 ,0.86 ,1.16 ,1.46 ,1.76 ,2.06 ,2.36 ,2.76 ,3.06 ,3.36 ,3.66 ,4.06 ,4.36 ,4.66 ,5.06 ,5.36 ,5.66 ,6.06 ,6.36 ,6.76 ,7.06 ,7.46 ,7.86 ,8.16 ,8.56 ,8.86 ,9.26 ,9.66 ,9.96 ,10.36 ,10.76 ,11.06 ,11.46 ,11.86 ,12.16 ,12.56 ,12.96 ,13.26 ,13.66 ,14.06 ,14.36 ,14.76 ,15.06 ,15.36 ,15.76 ,16.06 ,16.36 ,16.76 ,17.06 ,17.36 ,17.66 ,17.96 ,18.26 ,18.56 ,18.76 ,19.06 ,19.36 ,19.56 ,19.86 ,20.06 ,20.36 ,20.56 ,20.76 ,20.96 ,21.16 ,21.36 ,21.56 ,21.76 ,21.96 ,22.16 ,22.26 ,22.46 ,22.66 ,22.76 ,22.86 ,23.06 ,23.16 ,23.26 ,23.46 ,23.56 ,23.66 ,23.76 ,23.86 ,23.86 ,23.96 ,24.06 ,24.16 ,24.16 ,24.26 ,24.26 ,24.36 ,24.36 ,24.46 ,24.46 ,24.46 ,24.46 ,24.46 ,24.46 ,24.46 ,24.46 ,24.46 ,24.46 ,24.36 ,24.36 ,24.26 ,24.26 ,24.16 ,24.06 ,24.06 ,23.96 ,23.86 ,23.76 ,23.56 ,23.46 ,23.36 ,23.16 ,23.06 ,22.86 ,22.76 ,22.56 ,22.36 ,22.16 ,21.96 ,21.76 ,21.56 ,21.26 ,21.06 ,20.86 ,20.56 ,20.36 ,20.06 ,19.76 ,19.56 ,19.26 ,18.96 ,18.66 ,18.36 ,18.06 ,17.76 ,17.36 ,17.06 ,16.76 ,16.46 ,16.06 ,15.76 ,15.36 ,15.06 ,14.66 ,14.36 ,13.96 ,13.56 ,13.26 ,12.86 ,12.46 ,12.16 ,11.76 ,11.36 ,10.96 ,10.56 ,10.16 ,9.76 ,9.36 ,8.96 ,8.56 ,8.16 ,7.76 ,7.36 ,6.96 ,6.56 ,6.16 ,5.76 ,5.36 ,4.86 ,4.46 ,4.06 ,3.66 ,3.16 ,2.76 ,2.36 ,1.86 ,1.46 ,1.06 ,0.56 ,0.16 ,-0.24 ,-0.74 ,-1.14 ,-1.64 ,-2.04 ,-2.54 ,-2.94 ,-3.44 ,-3.84 ,-4.24 ,-4.74 ,-5.14 ,-5.64 ,-6.04 ,-6.44 ,-6.94 ,-7.34 ,-7.84 ,-8.24 ,-8.64 ,-9.04 ,-9.54 ,-9.94 ,-10.34 ,-10.74 ,-11.14 ,-11.54 ,-11.94 ,-12.34 ,-12.74 ,-13.14 ,-13.54 ,-13.94 ,-14.34 ,-14.74 ,-15.04 ,-15.44 ,-15.84 ,-16.14 ,-16.54 ,-16.84 ,-17.14 ,-17.54 ,-17.84 ,-18.14 ,-18.54 ,-18.84 ,-19.14 ,-19.44 ,-19.74 ,-20.04 ,-20.34 ,-20.64 ,-20.94 ,-21.14 ,-21.44 ,-21.74 ,-21.94 ,-22.24 ,-22.44 ,-22.74 ,-22.94 ,-23.14 ,-23.44 ,-23.64 ,-23.84 ,-24.04 ,-24.24 ,-24.44 ,-24.64 ,-24.74 ,-24.94 ,-25.14 ,57.04 
"BLUE HILL, MA US",USW00014753,-21.22 ,-21.42 ,-21.62 ,-21.82 ,-21.92 ,-22.12 ,-22.32 ,-22.42 ,-22.62 ,-22.72 ,-22.82 ,-22.92 ,-23.02 ,-23.12 ,-23.22 ,-23.32 ,-23.32 ,-23.42 ,-23.42 ,-23.42 ,-23.52 ,-23.52 ,-23.52 ,-23.42 ,-23.42 ,-23.42 ,-23.32 ,-23.32 ,-23.22 ,-23.12 ,-23.02 ,-22.92 ,-22.82 ,-22.72 ,-22.62 ,-22.42 ,-22.32 ,-22.12 ,-22.02 ,-21.82 ,-21.62 ,-21.52 ,-21.32 ,-21.12 ,-20.92 ,-20.72 ,-20.52 ,-20.32 ,-20.12 ,-19.92 ,-19.72 ,-19.42 ,-19.22 ,-19.02 ,-18.82 ,-18.62 ,-18.32 ,-18.12 ,-17.92 ,-17.62 ,-17.42 ,-17.22 ,-16.92 ,-16.72 ,-16.42 ,-16.22 ,-16.02 ,-15.72 ,-15.52 ,-15.22 ,-14.92 ,-14.72 ,-14.42 ,-14.12 ,-13.92 ,-13.62 ,-13.32 ,-13.02 ,-12.72 ,-12.42 ,-12.12 ,-11.72 ,-11.42 ,-11.12 ,-10.72 ,-10.42 ,-10.12 ,-9.72 ,-9.32 ,-9.02 ,-8.62 ,-8.22 ,-7.82 ,-7.42 ,-7.02 ,-6.62 ,-6.22 ,-5.82 ,-5.42 ,-5.02 ,-4.62 ,-4.22 ,-3.82 ,-3.42 ,-3.02 ,-2.52 ,-2.12 ,-1.72 ,-1.32 ,-0.92 ,-0.52 ,-0.12 ,0.28 ,0.58 ,0.98 ,1.38 ,1.68 ,2.08 ,2.48 ,2.78 ,3.08 ,3.48 ,3.78 ,4.08 ,4.38 ,4.68 ,4.98 ,5.28 ,5.58 ,5.88 ,6.18 ,6.48 ,6.78 ,6.98 ,7.28 ,7.58 ,7.78 ,8.08 ,8.38 ,8.58 ,8.88 ,9.18 ,9.38 ,9.68 ,9.98 ,10.18 ,10.48 ,10.78 ,11.08 ,11.28 ,11.58 ,11.88 ,12.18 ,12.48 ,12.78 ,13.08 ,13.38 ,13.68 ,13.98 ,14.28 ,14.58 ,14.98 ,15.28 ,15.58 ,15.88 ,16.18 ,16.48 ,16.78 ,17.08 ,17.38 ,17.68 ,17.98 ,18.28 ,18.58 ,18.88 ,19.18 ,19.38 ,19.68 ,19.98 ,20.18 ,20.38 ,20.68 ,20.88 ,21.08 ,21.28 ,21.38 ,21.58 ,21.78 ,21.88 ,22.08 ,22.18 ,22.28 ,22.38 ,22.48 ,22.58 ,22.68 ,22.78 ,22.78 ,22.88 ,22.88 ,22.98 ,22.98 ,22.98 ,22.98 ,22.98 ,22.98 ,22.98 ,22.98 ,22.88 ,22.88 ,22.88 ,22.78 ,22.78 ,22.68 ,22.68 ,22.58 ,22.48 ,22.48 ,22.38 ,22.28 ,22.18 ,22.08 ,21.98 ,21.88 ,21.78 ,21.68 ,21.58 ,21.48 ,21.28 ,21.18 ,20.98 ,20.88 ,20.68 ,20.58 ,20.38 ,20.18 ,19.98 ,19.78 ,19.58 ,19.38 ,19.18 ,18.88 ,18.68 ,18.48 ,18.18 ,17.88 ,17.68 ,17.38 ,17.08 ,16.78 ,16.48 ,16.18 ,15.78 ,15.48 ,15.18 ,14.78 ,14.48 ,14.08 ,13.78 ,13.38 ,12.98 ,12.58 ,12.28 ,11.88 ,11.48 ,11.08 ,10.68 ,10.28 ,9.98 ,9.58 ,9.18 ,8.78 ,8.38 ,7.98 ,7.58 ,7.18 ,6.88 ,6.48 ,6.08 ,5.68 ,5.28 ,4.98 ,4.58 ,4.18 ,3.88 ,3.48 ,3.18 ,2.78 ,2.48 ,2.08 ,1.78 ,1.38 ,1.08 ,0.68 ,0.38 ,0.08 ,-0.32 ,-0.62 ,-0.92 ,-1.32 ,-1.62 ,-1.92 ,-2.32 ,-2.62 ,-2.92 ,-3.22 ,-3.62 ,-3.92 ,-4.22 ,-4.62 ,-4.92 ,-5.22 ,-5.52 ,-5.92 ,-6.22 ,-6.52 ,-6.92 ,-7.22 ,-7.52 ,-7.92 ,-8.22 ,-8.52 ,-8.92 ,-9.22 ,-9.52 ,-9.92 ,-10.22 ,-10.52 ,-10.82 ,-11.22 ,-11.52 ,-11.82 ,-12.12 ,-12.52 ,-12.82 ,-13.12 ,-13.42 ,-13.72 ,-14.02 ,-14.32 ,-14.72 ,-15.02 ,-15.32 ,-15.62 ,-15.92 ,-16.12 ,-16.42 ,-16.72 ,-17.02 ,-17.32 ,-17.62 ,-17.82 ,-18.12 ,-18.42 ,-18.62 ,-18.92 ,-19.22 ,-19.42 ,-19.62 ,-19.92 ,-20.12 ,-20.32 ,-20.62 ,-20.82 ,-21.02 ,49.82 
"LAS VEGAS MCCARRAN AP, NV US",USW00023169,-22.26 ,-22.16 ,-22.06 ,-21.96 ,-21.86 ,-21.76 ,-21.66 ,-21.46 ,-21.36 ,-21.26 ,-21.16 ,-21.06 ,-20.96 ,-20.86 ,-20.76 ,-20.66 ,-20.56 ,-20.46 ,-20.36 ,-20.26 ,-20.16 ,-20.06 ,-19.96 ,-19.86 ,-19.76 ,-19.66 ,-19.56 ,-19.46 ,-19.36 ,-19.26 ,-19.16 ,-18.96 ,-18.86 ,-18.76 ,-18.66 ,-18.46 ,-18.36 ,-18.16 ,-18.06 ,-17.86 ,-17.76 ,-17.56 ,-17.36 ,-17.16 ,-16.96 ,-16.76 ,-16.56 ,-16.36 ,-16.16 ,-15.86 ,-15.66 ,-15.46 ,-15.16 ,-14.86 ,-14.66 ,-14.36 ,-14.06 ,-13.86 ,-13.56 ,-13.26 ,-12.96 ,-12.76 ,-12.46 ,-12.16 ,-11.86 ,-11.56 ,-11.36 ,-11.06 ,-10.76 ,-10.46 ,-10.26 ,-9.96 ,-9.76 ,-9.46 ,-9.16 ,-8.96 ,-8.76 ,-8.46 ,-8.26 ,-8.06 ,-7.76 ,-7.56 ,-7.36 ,-7.16 ,-6.96 ,-6.76 ,-6.56 ,-6.36 ,-6.16 ,-5.96 ,-5.76 ,-5.56 ,-5.36 ,-5.16 ,-4.96 ,-4.76 ,-4.56 ,-4.36 ,-4.16 ,-3.86 ,-3.66 ,-3.46 ,-3.26 ,-3.06 ,-2.76 ,-2.56 ,-2.26 ,-2.06 ,-1.76 ,-1.56 ,-1.26 ,-0.96 ,-0.66 ,-0.36 ,-0.06 ,0.24 ,0.54 ,0.84 ,1.14 ,1.44 ,1.84 ,2.14 ,2.44 ,2.84 ,3.14 ,3.54 ,3.84 ,4.24 ,4.64 ,4.94 ,5.34 ,5.64 ,6.04 ,6.44 ,6.74 ,7.14 ,7.54 ,7.84 ,8.24 ,8.64 ,8.94 ,9.34 ,9.64 ,10.04 ,10.44 ,10.74 ,11.14 ,11.44 ,11.84 ,12.14 ,12.54 ,12.84 ,13.24 ,13.54 ,13.94 ,14.24 ,14.54 ,14.94 ,15.24 ,15.54 ,15.84 ,16.24 ,16.54 ,16.84 ,17.14 ,17.44 ,17.74 ,18.04 ,18.34 ,18.64 ,18.94 ,19.24 ,19.44 ,19.74 ,20.04 ,20.24 ,20.44 ,20.74 ,20.94 ,21.14 ,21.34 ,21.54 ,21.74 ,21.94 ,22.14 ,22.34 ,22.44 ,22.64 ,22.74 ,22.84 ,22.94 ,23.04 ,23.14 ,23.24 ,23.34 ,23.44 ,23.44 ,23.54 ,23.54 ,23.54 ,23.54 ,23.64 ,23.64 ,23.64 ,23.54 ,23.54 ,23.54 ,23.54 ,23.44 ,23.44 ,23.34 ,23.34 ,23.24 ,23.24 ,23.14 ,23.04 ,22.94 ,22.84 ,22.84 ,22.74 ,22.64 ,22.54 ,22.34 ,22.24 ,22.14 ,22.04 ,21.94 ,21.74 ,21.64 ,21.54 ,21.34 ,21.14 ,21.04 ,20.84 ,20.64 ,20.44 ,20.34 ,20.04 ,19.84 ,19.64 ,19.44 ,19.14 ,18.94 ,18.64 ,18.44 ,18.14 ,17.84 ,17.54 ,17.24 ,16.94 ,16.54 ,16.24 ,15.84 ,15.54 ,15.14 ,14.74 ,14.34 ,13.94 ,13.54 ,13.14 ,12.74 ,12.34 ,11.84 ,11.44 ,10.94 ,10.54 ,10.14 ,9.64 ,9.14 ,8.74 ,8.24 ,7.84 ,7.34 ,6.84 ,6.44 ,5.94 ,5.54 ,5.04 ,4.54 ,4.14 ,3.64 ,3.24 ,2.74 ,2.34 ,1.94 ,1.44 ,1.04 ,0.64 ,0.14 ,-0.26 ,-0.66 ,-1.16 ,-1.56 ,-1.96 ,-2.36 ,-2.76 ,-3.26 ,-3.66 ,-4.06 ,-4.46 ,-4.86 ,-5.36 ,-5.76 ,-6.16 ,-6.56 ,-7.06 ,-7.46 ,-7.86 ,-8.36 ,-8.76 ,-9.26 ,-9.66 ,-10.16 ,-10.56 ,-10.96 ,-11.46 ,-11.86 ,-12.36 ,-12.86 ,-13.26 ,-13.66 ,-14.16 ,-14.56 ,-15.06 ,-15.46 ,-15.86 ,-16.26 ,-16.76 ,-17.16 ,-17.56 ,-17.86 ,-18.26 ,-18.66 ,-18.96 ,-19.36 ,-19.66 ,-19.96 ,-20.26 ,-20.56 ,-20.86 ,-21.06 ,-21.26 ,-21.46 ,-21.66 ,-21.86 ,-22.06 ,-22.16 ,-22.36 ,-22.46 ,-22.56 ,-22.66 ,-22.66 ,-22.76 ,-22.76 ,-22.76 ,-22.76 ,-22.76 ,-22.76 ,-22.76 ,-22.66 ,-22.66 ,-22.56 ,-22.46 ,-22.36 ,-22.36 ,70.16 
"SEATTLE BOEING FLD, WA US",USW00024234,-11.98 ,-11.98 ,-11.88 ,-11.78 ,-11.78 ,-11.68 ,-11.58 ,-11.58 ,-11.48 ,-11.38 ,-11.38 ,-11.28 ,-11.18 ,-11.18 ,-11.08 ,-11.08 ,-10.98 ,-10.98 ,-10.98 ,-10.88 ,-10.88 ,-10.88 ,-10.78 ,-10.78 ,-10.78 ,-10.78 ,-10.78 ,-10.68 ,-10.68 ,-10.68 ,-10.68 ,-10.68 ,-10.68 ,-10.68 ,-10.68 ,-10.58 ,-10.58 ,-10.58 ,-10.58 ,-10.48 ,-10.48 ,-10.48 ,-10.38 ,-10.38 ,-10.28 ,-10.28 ,-10.18 ,-10.18 ,-10.08 ,-9.98 ,-9.88 ,-9.78 ,-9.68 ,-9.58 ,-9.48 ,-9.38 ,-9.28 ,-9.18 ,-9.08 ,-8.88 ,-8.78 ,-8.68 ,-8.48 ,-8.38 ,-8.18 ,-8.08 ,-7.88 ,-7.78 ,-7.68 ,-7.48 ,-7.38 ,-7.18 ,-7.08 ,-6.88 ,-6.78 ,-6.58 ,-6.48 ,-6.28 ,-6.18 ,-6.08 ,-5.88 ,-5.78 ,-5.68 ,-5.48 ,-5.38 ,-5.28 ,-5.08 ,-4.98 ,-4.88 ,-4.68 ,-4.58 ,-4.48 ,-4.28 ,-4.18 ,-3.98 ,-3.88 ,-3.68 ,-3.58 ,-3.38 ,-3.28 ,-3.08 ,-2.98 ,-2.78 ,-2.58 ,-2.38 ,-2.28 ,-2.08 ,-1.88 ,-1.68 ,-1.48 ,-1.28 ,-1.08 ,-0.88 ,-0.68 ,-0.38 ,-0.18 ,0.02 ,0.22 ,0.52 ,0.72 ,0.92 ,1.22 ,1.42 ,1.62 ,1.82 ,2.12 ,2.32 ,2.52 ,2.72 ,3.02 ,3.22 ,3.42 ,3.62 ,3.82 ,4.02 ,4.22 ,4.42 ,4.52 ,4.72 ,4.92 ,5.12 ,5.22 ,5.42 ,5.52 ,5.72 ,5.82 ,6.02 ,6.12 ,6.22 ,6.42 ,6.52 ,6.62 ,6.82 ,6.92 ,7.02 ,7.22 ,7.32 ,7.42 ,7.52 ,7.72 ,7.82 ,7.92 ,8.12 ,8.22 ,8.42 ,8.52 ,8.72 ,8.82 ,9.02 ,9.12 ,9.32 ,9.52 ,9.62 ,9.82 ,10.02 ,10.22 ,10.42 ,10.52 ,10.72 ,10.92 ,11.12 ,11.32 ,11.52 ,11.72 ,11.92 ,12.02 ,12.22 ,12.42 ,12.62 ,12.72 ,12.92 ,13.12 ,13.22 ,13.42 ,13.52 ,13.72 ,13.82 ,13.92 ,14.02 ,14.12 ,14.22 ,14.32 ,14.42 ,14.52 ,14.52 ,14.62 ,14.62 ,14.72 ,14.72 ,14.72 ,14.72 ,14.72 ,14.72 ,14.72 ,14.72 ,14.72 ,14.72 ,14.62 ,14.62 ,14.52 ,14.52 ,14.42 ,14.42 ,14.32 ,14.32 ,14.22 ,14.12 ,14.02 ,13.92 ,13.82 ,13.82 ,13.72 ,13.62 ,13.52 ,13.32 ,13.22 ,13.12 ,13.02 ,12.92 ,12.72 ,12.62 ,12.52 ,12.32 ,12.22 ,12.02 ,11.82 ,11.72 ,11.52 ,11.32 ,11.12 ,10.92 ,10.72 ,10.52 ,10.32 ,10.02 ,9.82 ,9.52 ,9.32 ,9.02 ,8.82 ,8.52 ,8.22 ,7.92 ,7.62 ,7.32 ,7.02 ,6.72 ,6.42 ,6.12 ,5.72 ,5.42 ,5.12 ,4.82 ,4.42 ,4.12 ,3.82 ,3.42 ,3.12 ,2.82 ,2.42 ,2.12 ,1.82 ,1.52 ,1.12 ,0.82 ,0.52 ,0.22 ,-0.08 ,-0.38 ,-0.68 ,-0.98 ,-1.18 ,-1.48 ,-1.78 ,-1.98 ,-2.28 ,-2.58 ,-2.78 ,-3.08 ,-3.28 ,-3.48 ,-3.78 ,-3.98 ,-4.18 ,-4.38 ,-4.58 ,-4.88 ,-5.08 ,-5.28 ,-5.48 ,-5.68 ,-5.88 ,-6.08 ,-6.28 ,-6.48 ,-6.78 ,-6.98 ,-7.18 ,-7.38 ,-7.58 ,-7.78 ,-7.98 ,-8.18 ,-8.38 ,-8.58 ,-8.78 ,-8.98 ,-9.18 ,-9.38 ,-9.58 ,-9.78 ,-9.98 ,-10.18 ,-10.28 ,-10.48 ,-10.68 ,-10.78 ,-10.98 ,-11.08 ,-11.28 ,-11.38 ,-11.48 ,-11.68 ,-11.78 ,-11.88 ,-11.98 ,-12.08 ,-12.08 ,-12.18 ,-12.28 ,-12.28 ,-12.28 ,-12.38 ,-12.38 ,-12.38 ,-12.38 ,-12.38 ,-12.38 ,-12.28 ,-12.28 ,-12.28 ,-12.18 ,-12.18 ,-12.08 ,-12.08 ,53.88 
"MIAMI BEACH, FL US",USW00092811,-7.79 ,-7.89 ,-8.09 ,-8.19 ,-8.29 ,-8.39 ,-8.49 ,-8.59 ,-8.69 ,-8.79 ,-8.79 ,-8.89 ,-8.89 ,-8.99 ,-8.99 ,-9.09 ,-9.09 ,-9.09 ,-9.09 ,-9.09 ,-8.99 ,-8.99 ,-8.99 ,-8.89 ,-8.89 ,-8.79 ,-8.69 ,-8.69 ,-8.59 ,-8.49 ,-8.39 ,-8.29 ,-8.19 ,-8.09 ,-7.99 ,-7.89 ,-7.79 ,-7.69 ,-7.59 ,-7.49 ,-7.39 ,-7.29 ,-7.19 ,-7.09 ,-6.99 ,-6.89 ,-6.79 ,-6.69 ,-6.69 ,-6.59 ,-6.49 ,-6.49 ,-6.39 ,-6.29 ,-6.29 ,-6.19 ,-6.19 ,-6.09 ,-6.09 ,-6.09 ,-5.99 ,-5.99 ,-5.99 ,-5.89 ,-5.89 ,-5.89 ,-5.79 ,-5.79 ,-5.69 ,-5.69 ,-5.69 ,-5.59 ,-5.59 ,-5.49 ,-5.39 ,-5.39 ,-5.29 ,-5.19 ,-5.09 ,-4.99 ,-4.99 ,-4.79 ,-4.69 ,-4.59 ,-4.49 ,-4.39 ,-4.29 ,-4.09 ,-3.99 ,-3.79 ,-3.69 ,-3.49 ,-3.39 ,-3.19 ,-3.09 ,-2.89 ,-2.69 ,-2.59 ,-2.39 ,-2.19 ,-2.09 ,-1.89 ,-1.69 ,-1.59 ,-1.39 ,-1.19 ,-1.09 ,-0.89 ,-0.79 ,-0.59 ,-0.49 ,-0.29 ,-0.19 ,-0.09 ,0.01 ,0.21 ,0.31 ,0.41 ,0.51 ,0.61 ,0.71 ,0.81 ,0.91 ,1.01 ,1.11 ,1.21 ,1.31 ,1.41 ,1.41 ,1.51 ,1.61 ,1.71 ,1.81 ,1.81 ,1.91 ,2.01 ,2.11 ,2.21 ,2.31 ,2.41 ,2.51 ,2.51 ,2.61 ,2.71 ,2.81 ,2.91 ,3.01 ,3.21 ,3.31 ,3.41 ,3.51 ,3.61 ,3.71 ,3.81 ,3.91 ,4.11 ,4.21 ,4.31 ,4.41 ,4.51 ,4.61 ,4.81 ,4.91 ,5.01 ,5.11 ,5.21 ,5.31 ,5.41 ,5.51 ,5.61 ,5.71 ,5.81 ,5.81 ,5.91 ,6.01 ,6.11 ,6.11 ,6.21 ,6.31 ,6.31 ,6.41 ,6.41 ,6.51 ,6.51 ,6.51 ,6.61 ,6.61 ,6.61 ,6.71 ,6.71 ,6.71 ,6.71 ,6.81 ,6.81 ,6.81 ,6.81 ,6.81 ,6.91 ,6.91 ,6.91 ,6.91 ,6.91 ,6.91 ,6.91 ,7.01 ,7.01 ,7.01 ,7.01 ,7.01 ,7.01 ,7.01 ,7.01 ,7.11 ,7.11 ,7.11 ,7.11 ,7.11 ,7.11 ,7.11 ,7.11 ,7.11 ,7.11 ,7.11 ,7.11 ,7.11 ,7.11 ,7.11 ,7.11 ,7.11 ,7.01 ,7.01 ,7.01 ,7.01 ,7.01 ,6.91 ,6.91 ,6.91 ,6.91 ,6.81 ,6.81 ,6.81 ,6.71 ,6.71 ,6.71 ,6.61 ,6.61 ,6.51 ,6.51 ,6.51 ,6.41 ,6.41 ,6.31 ,6.31 ,6.21 ,6.21 ,6.21 ,6.11 ,6.11 ,6.01 ,6.01 ,5.91 ,5.91 ,5.81 ,5.81 ,5.71 ,5.71 ,5.61 ,5.51 ,5.51 ,5.41 ,5.31 ,5.21 ,5.21 ,5.11 ,5.01 ,4.91 ,4.81 ,4.71 ,4.61 ,4.51 ,4.31 ,4.21 ,4.11 ,3.91 ,3.81 ,3.61 ,3.51 ,3.31 ,3.11 ,3.01 ,2.81 ,2.61 ,2.41 ,2.21 ,2.01 ,1.81 ,1.61 ,1.41 ,1.21 ,1.01 ,0.81 ,0.61 ,0.41 ,0.21 ,0.01 ,-0.19 ,-0.39 ,-0.59 ,-0.79 ,-0.99 ,-1.19 ,-1.29 ,-1.49 ,-1.69 ,-1.89 ,-1.99 ,-2.19 ,-2.29 ,-2.49 ,-2.59 ,-2.69 ,-2.89 ,-2.99 ,-3.09 ,-3.19 ,-3.29 ,-3.39 ,-3.49 ,-3.59 ,-3.69 ,-3.79 ,-3.89 ,-3.99 ,-4.09 ,-4.19 ,-4.19 ,-4.29 ,-4.39 ,-4.49 ,-4.59 ,-4.69 ,-4.79 ,-4.89 ,-4.99 ,-5.09 ,-5.19 ,-5.29 ,-5.39 ,-5.49 ,-5.59 ,-5.79 ,-5.89 ,-5.99 ,-6.09 ,-6.29 ,-6.39 ,-6.59 ,-6.69 ,-6.79 ,-6.99 ,-7.09 ,-7.29 ,-7.39 ,-7.49 ,-7.69 ,76.09 
"DENVER CENTENNIAL AP, CO US",USW00093067,-19.17 ,-19.07 ,-18.97 ,-18.87 ,-18.87 ,-18.77 ,-18.67 ,-18.57 ,-18.57 ,-18.47 ,-18.37 ,-18.37 ,-18.37 ,-18.27 ,-18.27 ,-18.27 ,-18.27 ,-18.17 ,-18.17 ,-18.17 ,-18.27 ,-18.27 ,-18.27 ,-18.27 ,-18.27 ,-18.37 ,-18.37 ,-18.37 ,-18.47 ,-18.47 ,-18.47 ,-18.47 ,-18.47 ,-18.47 ,-18.47 ,-18.47 ,-18.47 ,-18.47 ,-18.37 ,-18.37 ,-18.27 ,-18.17 ,-18.07 ,-17.97 ,-17.77 ,-17.67 ,-17.47 ,-17.37 ,-17.17 ,-16.97 ,-16.67 ,-16.47 ,-16.17 ,-15.97 ,-15.67 ,-15.37 ,-15.07 ,-14.77 ,-14.47 ,-14.17 ,-13.77 ,-13.47 ,-13.07 ,-12.77 ,-12.47 ,-12.07 ,-11.77 ,-11.37 ,-11.07 ,-10.77 ,-10.37 ,-10.07 ,-9.77 ,-9.47 ,-9.17 ,-8.87 ,-8.57 ,-8.27 ,-8.07 ,-7.77 ,-7.57 ,-7.37 ,-7.07 ,-6.87 ,-6.67 ,-6.57 ,-6.37 ,-6.17 ,-6.07 ,-5.87 ,-5.77 ,-5.57 ,-5.47 ,-5.37 ,-5.17 ,-5.07 ,-4.97 ,-4.77 ,-4.67 ,-4.57 ,-4.47 ,-4.27 ,-4.17 ,-3.97 ,-3.87 ,-3.67 ,-3.57 ,-3.37 ,-3.17 ,-2.97 ,-2.77 ,-2.57 ,-2.37 ,-2.07 ,-1.87 ,-1.57 ,-1.27 ,-1.07 ,-0.77 ,-0.47 ,-0.17 ,0.23 ,0.53 ,0.83 ,1.23 ,1.53 ,1.93 ,2.33 ,2.63 ,3.03 ,3.43 ,3.83 ,4.23 ,4.63 ,5.03 ,5.43 ,5.73 ,6.13 ,6.53 ,6.93 ,7.33 ,7.73 ,8.13 ,8.53 ,8.93 ,9.33 ,9.73 ,10.03 ,10.43 ,10.83 ,11.23 ,11.53 ,11.93 ,12.33 ,12.63 ,13.03 ,13.33 ,13.73 ,14.03 ,14.43 ,14.73 ,15.13 ,15.43 ,15.73 ,16.13 ,16.43 ,16.73 ,17.03 ,17.33 ,17.73 ,18.03 ,18.33 ,18.63 ,18.93 ,19.13 ,19.43 ,19.73 ,20.03 ,20.23 ,20.53 ,20.73 ,20.93 ,21.23 ,21.43 ,21.63 ,21.83 ,22.03 ,22.13 ,22.33 ,22.43 ,22.63 ,22.73 ,22.83 ,22.93 ,23.03 ,23.13 ,23.13 ,23.23 ,23.23 ,23.23 ,23.23 ,23.23 ,23.23 ,23.23 ,23.23 ,23.13 ,23.13 ,23.03 ,22.93 ,22.93 ,22.83 ,22.73 ,22.63 ,22.53 ,22.43 ,22.33 ,22.13 ,22.03 ,21.93 ,21.73 ,21.63 ,21.53 ,21.33 ,21.23 ,21.03 ,20.93 ,20.73 ,20.63 ,20.43 ,20.33 ,20.13 ,19.93 ,19.83 ,19.63 ,19.43 ,19.23 ,19.03 ,18.83 ,18.63 ,18.43 ,18.23 ,18.03 ,17.83 ,17.53 ,17.33 ,17.03 ,16.83 ,16.53 ,16.23 ,15.93 ,15.63 ,15.33 ,14.93 ,14.63 ,14.23 ,13.93 ,13.53 ,13.13 ,12.73 ,12.33 ,11.93 ,11.43 ,11.03 ,10.63 ,10.13 ,9.73 ,9.23 ,8.83 ,8.33 ,7.83 ,7.43 ,6.93 ,6.43 ,5.93 ,5.53 ,5.03 ,4.53 ,4.13 ,3.63 ,3.23 ,2.73 ,2.33 ,1.93 ,1.43 ,1.03 ,0.63 ,0.23 ,-0.17 ,-0.57 ,-0.87 ,-1.27 ,-1.67 ,-1.97 ,-2.37 ,-2.67 ,-3.07 ,-3.37 ,-3.67 ,-4.07 ,-4.37 ,-4.67 ,-4.97 ,-5.37 ,-5.67 ,-5.97 ,-6.27 ,-6.57 ,-6.97 ,-7.27 ,-7.57 ,-7.97 ,-8.27 ,-8.57 ,-8.97 ,-9.27 ,-9.67 ,-9.97 ,-10.37 ,-10.77 ,-11.07 ,-11.47 ,-11.87 ,-12.17 ,-12.57 ,-12.97 ,-13.27 ,-13.67 ,-14.07 ,-14.37 ,-14.77 ,-15.07 ,-15.47 ,-15.77 ,-16.07 ,-16.37 ,-16.77 ,-16.97 ,-17.27 ,-17.57 ,-17.77 ,-18.07 ,-18.27 ,-18.47 ,-18.67 ,-18.87 ,-18.97 ,-19.17 ,-19.27 ,-19.37 ,-19.47 ,-19.57 ,-19.57 ,-19.67 ,-19.67 ,-19.67 ,-19.67 ,-19.67 ,-19.67 ,-19.67 ,-19.57 ,-19.57 ,-19.47 ,-19.37 ,-19.37 ,-19.27 ,50.27 
